001de0454cf6c8ee4f975cb3, ILSVRC/Data/CLS-LOC/train/n02091134/n02091134_7862.JPEG, ILSVRC/Data/CLS-LOC/train/n02089973/n02089973_3797.JPEG
0027908355ce273bdbc48e34, ILSVRC/Data/CLS-LOC/train/n02130308/n02130308_3668.JPEG, ILSVRC/Data/CLS-LOC/train/n02128757/n02128757_940.JPEG
00d43b6555646e8e26a678d5, ILSVRC/Data/CLS-LOC/train/n02104029/n02104029_897.JPEG, ILSVRC/Data/CLS-LOC/train/n02110341/n02110341_2969.JPEG
0135c73f94c32b4a39a73c2e, ILSVRC/Data/CLS-LOC/train/n02102973/n02102973_3344.JPEG, ILSVRC/Data/CLS-LOC/train/n02099429/n02099429_3866.JPEG
0260cd546eb14f0825bd8383, ILSVRC/Data/CLS-LOC/train/n04270147/n04270147_7859.JPEG, ILSVRC/Data/CLS-LOC/train/n04596742/n04596742_7192.JPEG
0275a27e8552a9c550b75e16, ILSVRC/Data/CLS-LOC/train/n02089867/n02089867_3840.JPEG, ILSVRC/Data/CLS-LOC/train/n02089973/n02089973_2211.JPEG
0287a1fa759eafe4e888fa94, ILSVRC/Data/CLS-LOC/train/n02106166/n02106166_355.JPEG, ILSVRC/Data/CLS-LOC/train/n02106030/n02106030_889.JPEG
028a0e8c1535e93e092f980a, ILSVRC/Data/CLS-LOC/train/n03447721/n03447721_6910.JPEG, ILSVRC/Data/CLS-LOC/train/n03017168/n03017168_75533.JPEG
02b571df8887181d6160a035, ILSVRC/Data/CLS-LOC/train/n02119789/n02119789_2205.JPEG, ILSVRC/Data/CLS-LOC/train/n02115913/n02115913_2980.JPEG, ILSVRC/Data/CLS-LOC/test/ILSVRC2012_test_00041871.JPEG
02f4c182f5bb2bd581f03e57, ILSVRC/Data/CLS-LOC/train/n02106166/n02106166_2111.JPEG, ILSVRC/Data/CLS-LOC/train/n02106030/n02106030_16156.JPEG
02f6d1c7add3a95d5262ec71, ILSVRC/Data/CLS-LOC/train/n02112018/n02112018_7832.JPEG, ILSVRC/Data/CLS-LOC/train/n02086240/n02086240_7093.JPEG
03df61f695ee1857d14e36df, ILSVRC/Data/CLS-LOC/train/n02107683/n02107683_1033.JPEG, ILSVRC/Data/CLS-LOC/train/n02107908/n02107908_671.JPEG
043501f83c644e32cda51e84, ILSVRC/Data/CLS-LOC/train/n02090721/n02090721_3385.JPEG, ILSVRC/Data/CLS-LOC/train/n02091635/n02091635_2287.JPEG
0492e358c125bd125173ff71, ILSVRC/Data/CLS-LOC/train/n02095889/n02095889_1820.JPEG, ILSVRC/Data/CLS-LOC/train/n02095314/n02095314_3166.JPEG
051458663b3b70bc6fc6f0d6, ILSVRC/Data/CLS-LOC/train/n03787032/n03787032_7459.JPEG, ILSVRC/Data/CLS-LOC/train/n02669723/n02669723_7958.JPEG
055c53766ae56afc7bc64099, ILSVRC/Data/CLS-LOC/train/n02443114/n02443114_2456.JPEG, ILSVRC/Data/CLS-LOC/train/n02443484/n02443484_1847.JPEG
065d1a28ea289a9000ec49d2, ILSVRC/Data/CLS-LOC/train/n02442845/n02442845_10122.JPEG, ILSVRC/Data/CLS-LOC/train/n02441942/n02441942_7029.JPEG
06d13fc77bd26edcba0e5d9f, ILSVRC/Data/CLS-LOC/train/n03787032/n03787032_727.JPEG, ILSVRC/Data/CLS-LOC/train/n02669723/n02669723_1620.JPEG
078cb848672687066ae6bfca, ILSVRC/Data/CLS-LOC/train/n02795169/n02795169_21785.JPEG, ILSVRC/Data/CLS-LOC/train/n04049303/n04049303_6551.JPEG
07be5b4ca3342eb642e6eea0, ILSVRC/Data/CLS-LOC/train/n09256479/n09256479_3448.JPEG, ILSVRC/Data/CLS-LOC/train/n02981792/n02981792_1532.JPEG
080421dab9dad5b7ef81a0e1, ILSVRC/Data/CLS-LOC/train/n02089867/n02089867_6562.JPEG, ILSVRC/Data/CLS-LOC/train/n02089973/n02089973_1255.JPEG
08a505939092f65b2d2c4489, ILSVRC/Data/CLS-LOC/train/n02090721/n02090721_7870.JPEG, ILSVRC/Data/CLS-LOC/train/n02092002/n02092002_1592.JPEG
08c8b1786cc36a3c4cadb277, ILSVRC/Data/CLS-LOC/train/n02791270/n02791270_4685.JPEG, ILSVRC/Data/CLS-LOC/train/n02791124/n02791124_7900.JPEG
08e3f1c0b64a0ac43a30ef12, ILSVRC/Data/CLS-LOC/train/n02190166/n02190166_6184.JPEG, ILSVRC/Data/CLS-LOC/test/ILSVRC2012_test_00046160.JPEG
08e5b6d13a0794587c88709a, ILSVRC/Data/CLS-LOC/val/ILSVRC2012_val_00035799.JPEG, ILSVRC/Data/CLS-LOC/test/ILSVRC2012_test_00017252.JPEG
08e7e397d557957b5ec5c69a, ILSVRC/Data/CLS-LOC/train/n02097047/n02097047_760.JPEG, ILSVRC/Data/CLS-LOC/train/n02097209/n02097209_2307.JPEG
08ebb58b24c393360cabfe1c, ILSVRC/Data/CLS-LOC/train/n02109961/n02109961_4846.JPEG, ILSVRC/Data/CLS-LOC/train/n02110185/n02110185_3328.JPEG
08efe11007c627443acf730d, ILSVRC/Data/CLS-LOC/train/n02120079/n02120079_14196.JPEG, ILSVRC/Data/CLS-LOC/train/n02114548/n02114548_2124.JPEG
08f2d7a7ed614ae819c37774, ILSVRC/Data/CLS-LOC/train/n02095570/n02095570_3436.JPEG, ILSVRC/Data/CLS-LOC/train/n02095314/n02095314_1884.JPEG
08f77e850b4084797e93a778, ILSVRC/Data/CLS-LOC/val/ILSVRC2012_val_00039530.JPEG, ILSVRC/Data/CLS-LOC/train/n01728920/n01728920_6570.JPEG, ILSVRC/Data/CLS-LOC/train/n01735189/n01735189_10595.JPEG, ILSVRC/Data/CLS-LOC/train/n01740131/n01740131_779.JPEG
09474e001335f8842953631a, ILSVRC/Data/CLS-LOC/train/n03447721/n03447721_23175.JPEG, ILSVRC/Data/CLS-LOC/train/n03017168/n03017168_55675.JPEG
09f455b0b7f6c3d1a4f433d6, ILSVRC/Data/CLS-LOC/train/n02749479/n02749479_5964.JPEG, ILSVRC/Data/CLS-LOC/train/n04090263/n04090263_544.JPEG
0a21371dd70a0d7bb0a012ba, ILSVRC/Data/CLS-LOC/train/n02107574/n02107574_1328.JPEG, ILSVRC/Data/CLS-LOC/train/n02107574/n02107574_2356.JPEG
0a44f148943fba523d29266b, ILSVRC/Data/CLS-LOC/train/n04264628/n04264628_1557.JPEG, ILSVRC/Data/CLS-LOC/train/n04505470/n04505470_3666.JPEG
0a45e3716d160fc8a3b476f2, ILSVRC/Data/CLS-LOC/train/n02095570/n02095570_4098.JPEG, ILSVRC/Data/CLS-LOC/train/n02091635/n02091635_1833.JPEG
0ab713bed41ebdf3e93426da, ILSVRC/Data/CLS-LOC/train/n03942813/n03942813_6899.JPEG, ILSVRC/Data/CLS-LOC/train/n02094433/n02094433_716.JPEG
0acdee6ad1823d1bca68f29b, ILSVRC/Data/CLS-LOC/train/n02106166/n02106166_4791.JPEG, ILSVRC/Data/CLS-LOC/train/n02106166/n02106166_2345.JPEG
0ad5e3c2ad17b85013d46697, ILSVRC/Data/CLS-LOC/train/n02110185/n02110185_10002.JPEG, ILSVRC/Data/CLS-LOC/train/n02110063/n02110063_12334.JPEG
0af8a13e6ff1593c38bae175, ILSVRC/Data/CLS-LOC/train/n02085782/n02085782_1061.JPEG, ILSVRC/Data/CLS-LOC/train/n02086910/n02086910_2168.JPEG
0c27c1c7d747de7c3af41e56, ILSVRC/Data/CLS-LOC/train/n02027492/n02027492_5058.JPEG, ILSVRC/Data/CLS-LOC/train/n02013706/n02013706_3200.JPEG
0c2f7fd7d347d7fc3a5b3e34, ILSVRC/Data/CLS-LOC/train/n02115641/n02115641_17369.JPEG, ILSVRC/Data/CLS-LOC/train/n02115913/n02115913_3113.JPEG
0c4a3486193fab0f3d22afe1, ILSVRC/Data/CLS-LOC/train/n04264628/n04264628_15658.JPEG, ILSVRC/Data/CLS-LOC/train/n04505470/n04505470_907.JPEG
0c80a2f15742d8e46af6749e, ILSVRC/Data/CLS-LOC/train/n02089867/n02089867_4108.JPEG, ILSVRC/Data/CLS-LOC/train/n02089973/n02089973_770.JPEG
0c88e2715746d06c63f7765f, ILSVRC/Data/CLS-LOC/train/n02085782/n02085782_3215.JPEG, ILSVRC/Data/CLS-LOC/train/n02102318/n02102318_11308.JPEG, ILSVRC/Data/CLS-LOC/train/n02102480/n02102480_2752.JPEG
0c89a17ce48b0206d5cdb7dd, ILSVRC/Data/CLS-LOC/train/n02120505/n02120505_9634.JPEG, ILSVRC/Data/CLS-LOC/train/n02114855/n02114855_17673.JPEG
0ca374afc7064e5c3f7aa738, ILSVRC/Data/CLS-LOC/train/n01728920/n01728920_13453.JPEG, ILSVRC/Data/CLS-LOC/train/n01735189/n01735189_13218.JPEG
0ce7c2cbd74ef2783bdf0ebc, ILSVRC/Data/CLS-LOC/train/n02089867/n02089867_1882.JPEG, ILSVRC/Data/CLS-LOC/train/n02089973/n02089973_2093.JPEG
0cf1ed3498320a14d80db494, ILSVRC/Data/CLS-LOC/val/ILSVRC2012_val_00005946.JPEG, ILSVRC/Data/CLS-LOC/train/n02092002/n02092002_6914.JPEG
0cf1ed74a947067cc3ec262c, ILSVRC/Data/CLS-LOC/train/n02089867/n02089867_973.JPEG, ILSVRC/Data/CLS-LOC/train/n02089973/n02089973_1066.JPEG
0db2bbec54400ca25182f8e3, ILSVRC/Data/CLS-LOC/train/n02091831/n02091831_1694.JPEG, ILSVRC/Data/CLS-LOC/train/n02091134/n02091134_2339.JPEG
0dd0b8adcdb2ce0a4c9f01aa, ILSVRC/Data/CLS-LOC/train/n13133613/n13133613_27765.JPEG, ILSVRC/Data/CLS-LOC/train/n12144580/n12144580_14110.JPEG
0eac2368f1049d4ee2a6f08f, ILSVRC/Data/CLS-LOC/train/n02808440/n02808440_10155.JPEG, ILSVRC/Data/CLS-LOC/train/n04493381/n04493381_21749.JPEG
0f1b2bf20887037c4e64e29c, ILSVRC/Data/CLS-LOC/train/n02088364/n02088364_4111.JPEG, ILSVRC/Data/CLS-LOC/train/n02089973/n02089973_1030.JPEG
0fcdceaad0920c52c32ce689, ILSVRC/Data/CLS-LOC/train/n02107683/n02107683_3559.JPEG, ILSVRC/Data/CLS-LOC/train/n02107908/n02107908_2313.JPEG
0fea2f645fca1dcc5cf58fd0, ILSVRC/Data/CLS-LOC/val/ILSVRC2012_val_00014662.JPEG, ILSVRC/Data/CLS-LOC/train/n01748264/n01748264_13579.JPEG
10b14067085638f36027a880, ILSVRC/Data/CLS-LOC/train/n02095570/n02095570_4555.JPEG, ILSVRC/Data/CLS-LOC/train/n02095314/n02095314_157.JPEG
10f1a19d3c3be2e245a550fb, ILSVRC/Data/CLS-LOC/train/n03447721/n03447721_15064.JPEG, ILSVRC/Data/CLS-LOC/train/n03017168/n03017168_54297.JPEG
11f0a5edfef14f2c1cc3f6e7, ILSVRC/Data/CLS-LOC/train/n02895154/n02895154_9924.JPEG, ILSVRC/Data/CLS-LOC/train/n03146219/n03146219_43.JPEG, ILSVRC/Data/CLS-LOC/test/ILSVRC2012_test_00081164.JPEG
120c916eb53439b4883a3310, ILSVRC/Data/CLS-LOC/train/n02107683/n02107683_3840.JPEG, ILSVRC/Data/CLS-LOC/train/n02107908/n02107908_4903.JPEG
121532795d40398041b67e16, ILSVRC/Data/CLS-LOC/train/n03535780/n03535780_46337.JPEG, ILSVRC/Data/CLS-LOC/train/n03888605/n03888605_36862.JPEG
12f45187eedbb9a010d2e77c, ILSVRC/Data/CLS-LOC/train/n02089867/n02089867_1895.JPEG, ILSVRC/Data/CLS-LOC/test/ILSVRC2012_test_00087686.JPEG
1315c85168b48696add42f85, ILSVRC/Data/CLS-LOC/train/n03788365/n03788365_7042.JPEG, ILSVRC/Data/CLS-LOC/train/n03131574/n03131574_31487.JPEG
1377a78a88afd6db3d6d32da, ILSVRC/Data/CLS-LOC/train/n02087394/n02087394_36.JPEG, ILSVRC/Data/CLS-LOC/test/ILSVRC2012_test_00075562.JPEG
13954f5760be0bdcba690c1b, ILSVRC/Data/CLS-LOC/train/n02100583/n02100583_23063.JPEG, ILSVRC/Data/CLS-LOC/train/n02090379/n02090379_2433.JPEG
13bde3ec383f30d579c372ae, ILSVRC/Data/CLS-LOC/train/n03710721/n03710721_30872.JPEG, ILSVRC/Data/CLS-LOC/train/n03710637/n03710637_15882.JPEG
13d563bd9476e8e351b72a6a, ILSVRC/Data/CLS-LOC/train/n02087394/n02087394_4459.JPEG, ILSVRC/Data/CLS-LOC/train/n02100583/n02100583_5606.JPEG
140111f9a9213a9601bc2f36, ILSVRC/Data/CLS-LOC/train/n02109961/n02109961_10049.JPEG, ILSVRC/Data/CLS-LOC/train/n02110185/n02110185_7044.JPEG
143ba45c0d35fdfb953c8b22, ILSVRC/Data/CLS-LOC/train/n02094258/n02094258_188.JPEG, ILSVRC/Data/CLS-LOC/train/n02094114/n02094114_247.JPEG
143f528b0ebc66c715820d2a, ILSVRC/Data/CLS-LOC/train/n02490219/n02490219_6520.JPEG, ILSVRC/Data/CLS-LOC/train/n02493509/n02493509_14563.JPEG
14ac49c6e77989d68146c760, ILSVRC/Data/CLS-LOC/train/n03216828/n03216828_52678.JPEG, ILSVRC/Data/CLS-LOC/train/n02704792/n02704792_32383.JPEG
15a5725b3446a0374f259e96, ILSVRC/Data/CLS-LOC/train/n02098413/n02098413_2314.JPEG, ILSVRC/Data/CLS-LOC/train/n02085936/n02085936_2905.JPEG
15be108d03270e9a252fbbca, ILSVRC/Data/CLS-LOC/train/n04008634/n04008634_22769.JPEG, ILSVRC/Data/CLS-LOC/train/n03773504/n03773504_17608.JPEG
16d9e35bb915d85be8f57005, ILSVRC/Data/CLS-LOC/train/n02090721/n02090721_552.JPEG, ILSVRC/Data/CLS-LOC/train/n02092002/n02092002_5981.JPEG
16eb81b474c75c1d59a8b0dd, ILSVRC/Data/CLS-LOC/train/n02095889/n02095889_3799.JPEG, ILSVRC/Data/CLS-LOC/train/n02095314/n02095314_4085.JPEG
1725a3de85147513d2dddf24, ILSVRC/Data/CLS-LOC/train/n02097209/n02097209_3447.JPEG, ILSVRC/Data/CLS-LOC/train/n02097130/n02097130_833.JPEG
172ff364eff1040773c38624, ILSVRC/Data/CLS-LOC/train/n02110806/n02110806_2921.JPEG, ILSVRC/Data/CLS-LOC/train/n02105412/n02105412_5426.JPEG
17f6f3f1e7b9147556a2a159, ILSVRC/Data/CLS-LOC/train/n02089973/n02089973_1106.JPEG, ILSVRC/Data/CLS-LOC/train/n02107908/n02107908_1114.JPEG
1811f588df5bba1a328c77de, ILSVRC/Data/CLS-LOC/train/n02097047/n02097047_250.JPEG, ILSVRC/Data/CLS-LOC/train/n02097209/n02097209_8.JPEG
18b173c26640b89060274207, ILSVRC/Data/CLS-LOC/train/n02490219/n02490219_1208.JPEG, ILSVRC/Data/CLS-LOC/train/n02493509/n02493509_16161.JPEG
18b19c7c99000b06f1887737, ILSVRC/Data/CLS-LOC/train/n02096585/n02096585_2374.JPEG, ILSVRC/Data/CLS-LOC/train/n02108915/n02108915_2515.JPEG
1aae422a28f98e43528955e8, ILSVRC/Data/CLS-LOC/train/n02091467/n02091467_4867.JPEG, ILSVRC/Data/CLS-LOC/train/n02106662/n02106662_7313.JPEG
1ac6491942748806bcba6d41, ILSVRC/Data/CLS-LOC/train/n04264628/n04264628_8331.JPEG, ILSVRC/Data/CLS-LOC/train/n04505470/n04505470_3817.JPEG
1b0c3d7464ac05aea2ac1c92, ILSVRC/Data/CLS-LOC/train/n02795169/n02795169_4976.JPEG, ILSVRC/Data/CLS-LOC/train/n04049303/n04049303_1332.JPEG
1c23f1d0d64852e53b701e96, ILSVRC/Data/CLS-LOC/train/n02120505/n02120505_13114.JPEG, ILSVRC/Data/CLS-LOC/train/n02115913/n02115913_5469.JPEG
1c63aa8bb111267006bf4e2e, ILSVRC/Data/CLS-LOC/train/n02100236/n02100236_6731.JPEG, ILSVRC/Data/CLS-LOC/train/n02110341/n02110341_18304.JPEG
1c71e3beb5336af051f53e66, ILSVRC/Data/CLS-LOC/train/n02093428/n02093428_8779.JPEG, ILSVRC/Data/CLS-LOC/train/n02093256/n02093256_8527.JPEG
1d117ac78653bc8d50068826, ILSVRC/Data/CLS-LOC/train/n02090721/n02090721_264.JPEG, ILSVRC/Data/CLS-LOC/train/n02109047/n02109047_32856.JPEG
1d363a56aadef4cf7702d998, ILSVRC/Data/CLS-LOC/train/n02093647/n02093647_959.JPEG, ILSVRC/Data/CLS-LOC/train/n02093647/n02093647_562.JPEG
1f375ac6b7fbefc76f26c81a, ILSVRC/Data/CLS-LOC/train/n02093428/n02093428_542.JPEG, ILSVRC/Data/CLS-LOC/train/n02093256/n02093256_417.JPEG
1fc1ba797bc89f1a878a491f, ILSVRC/Data/CLS-LOC/train/n02113186/n02113186_3118.JPEG, ILSVRC/Data/CLS-LOC/train/n02113023/n02113023_3709.JPEG
2000e3b0eff37eddb0cc36b6, ILSVRC/Data/CLS-LOC/train/n02093428/n02093428_3549.JPEG, ILSVRC/Data/CLS-LOC/train/n02093256/n02093256_2610.JPEG
203020a70c57e6fa05ea8cf2, ILSVRC/Data/CLS-LOC/train/n02094258/n02094258_4333.JPEG, ILSVRC/Data/CLS-LOC/train/n02094114/n02094114_5515.JPEG
203828956cf447a2b5800ca3, ILSVRC/Data/CLS-LOC/train/n02094258/n02094258_1318.JPEG, ILSVRC/Data/CLS-LOC/train/n02098286/n02098286_2647.JPEG, ILSVRC/Data/CLS-LOC/train/n02095314/n02095314_5506.JPEG
2070778262e37edd28269483, ILSVRC/Data/CLS-LOC/train/n02110958/n02110958_13469.JPEG, ILSVRC/Data/CLS-LOC/train/n02909870/n02909870_2239.JPEG
2133822e847729cf59129e76, ILSVRC/Data/CLS-LOC/train/n02097047/n02097047_5400.JPEG, ILSVRC/Data/CLS-LOC/train/n02093991/n02093991_3968.JPEG
21aeac607a079d062870cbe8, ILSVRC/Data/CLS-LOC/train/n02363005/n02363005_6509.JPEG, ILSVRC/Data/CLS-LOC/train/n02444819/n02444819_10604.JPEG
2200f330cfb8dedd38da74f3, ILSVRC/Data/CLS-LOC/train/n02107574/n02107574_1459.JPEG, ILSVRC/Data/CLS-LOC/train/n02107683/n02107683_3086.JPEG
220523c22d3ffacc182864a7, ILSVRC/Data/CLS-LOC/train/n02089867/n02089867_6875.JPEG, ILSVRC/Data/CLS-LOC/train/n02089973/n02089973_270.JPEG
223c83dbd54fed6dfbd79dc5, ILSVRC/Data/CLS-LOC/val/ILSVRC2012_val_00004042.JPEG, ILSVRC/Data/CLS-LOC/train/n02114712/n02114712_1364.JPEG
223c83dbd54fef6dfbd79dc5, ILSVRC/Data/CLS-LOC/train/n02115641/n02115641_6110.JPEG, ILSVRC/Data/CLS-LOC/test/ILSVRC2012_test_00032475.JPEG
227170dd68cb91583dc30726, ILSVRC/Data/CLS-LOC/train/n01630670/n01630670_10065.JPEG, ILSVRC/Data/CLS-LOC/train/n01632458/n01632458_1389.JPEG
22b8e33bcd11bc5152dc7334, ILSVRC/Data/CLS-LOC/train/n02089867/n02089867_4203.JPEG, ILSVRC/Data/CLS-LOC/train/n02089973/n02089973_6596.JPEG
22ebd36277826f5c0eccc489, ILSVRC/Data/CLS-LOC/train/n02089973/n02089973_6113.JPEG, ILSVRC/Data/CLS-LOC/train/n02100735/n02100735_2432.JPEG
22eca7b7b753c56df8f7d4d6, ILSVRC/Data/CLS-LOC/train/n02088364/n02088364_6547.JPEG, ILSVRC/Data/CLS-LOC/train/n02088238/n02088238_5081.JPEG
22f1499bebf9b99181d86f11, ILSVRC/Data/CLS-LOC/train/n02085782/n02085782_1148.JPEG, ILSVRC/Data/CLS-LOC/train/n02086646/n02086646_981.JPEG
238fe1b264875c1d790a3398, ILSVRC/Data/CLS-LOC/train/n02100877/n02100877_4371.JPEG, ILSVRC/Data/CLS-LOC/test/ILSVRC2012_test_00047559.JPEG
23b04587ada3d2cf3364d059, ILSVRC/Data/CLS-LOC/train/n03534580/n03534580_10742.JPEG, ILSVRC/Data/CLS-LOC/train/n03450230/n03450230_18565.JPEG
240c214575f6c42eefb6149f, ILSVRC/Data/CLS-LOC/train/n02979186/n02979186_9740.JPEG, ILSVRC/Data/CLS-LOC/train/n04392985/n04392985_4284.JPEG
2436d58589e36acd190a7df4, ILSVRC/Data/CLS-LOC/train/n02488291/n02488291_2230.JPEG, ILSVRC/Data/CLS-LOC/train/n02486261/n02486261_3881.JPEG
2448a8b1ad306bcd0cbc973c, ILSVRC/Data/CLS-LOC/train/n02109961/n02109961_6613.JPEG, ILSVRC/Data/CLS-LOC/train/n02110185/n02110185_12616.JPEG
246fb38226da495d0db793b8, ILSVRC/Data/CLS-LOC/train/n02090622/n02090622_5775.JPEG, ILSVRC/Data/CLS-LOC/train/n02090622/n02090622_9860.JPEG
24711b4763c12ed97904c093, ILSVRC/Data/CLS-LOC/train/n02097474/n02097474_1326.JPEG, ILSVRC/Data/CLS-LOC/train/n02108551/n02108551_968.JPEG
247aae54eff34ddb333cd7e9, ILSVRC/Data/CLS-LOC/train/n02090721/n02090721_6076.JPEG, ILSVRC/Data/CLS-LOC/train/n02093991/n02093991_4475.JPEG
24808373e48b5f59eeaca4f9, ILSVRC/Data/CLS-LOC/train/n02106166/n02106166_2401.JPEG, ILSVRC/Data/CLS-LOC/train/n02106030/n02106030_5915.JPEG
248aadd97474c5327da33ca7, ILSVRC/Data/CLS-LOC/train/n02504013/n02504013_2633.JPEG, ILSVRC/Data/CLS-LOC/train/n02504458/n02504458_5869.JPEG
24c3b1ba67e2c71a18ab76d6, ILSVRC/Data/CLS-LOC/train/n02093428/n02093428_5528.JPEG, ILSVRC/Data/CLS-LOC/train/n02093256/n02093256_4022.JPEG
253e819fdd013e5fb8d58d84, ILSVRC/Data/CLS-LOC/train/n02093256/n02093256_5602.JPEG, ILSVRC/Data/CLS-LOC/train/n02092339/n02092339_3150.JPEG
26103e854246e4cc302e1996, ILSVRC/Data/CLS-LOC/train/n02092002/n02092002_6003.JPEG, ILSVRC/Data/CLS-LOC/test/ILSVRC2012_test_00056346.JPEG
264aab23eb704fcd802e7db4, ILSVRC/Data/CLS-LOC/train/n02102040/n02102040_5156.JPEG, ILSVRC/Data/CLS-LOC/train/n02100735/n02100735_4540.JPEG
266281082f63ce4e39afd588, ILSVRC/Data/CLS-LOC/train/n02095889/n02095889_1208.JPEG, ILSVRC/Data/CLS-LOC/train/n02096437/n02096437_4321.JPEG, ILSVRC/Data/CLS-LOC/train/n02095314/n02095314_6145.JPEG
268da1bbfd7fd5b7fff5540d, ILSVRC/Data/CLS-LOC/train/n02094258/n02094258_1595.JPEG, ILSVRC/Data/CLS-LOC/train/n02093991/n02093991_2123.JPEG
279e73022f87b75c2a42523d, ILSVRC/Data/CLS-LOC/train/n02443114/n02443114_6497.JPEG, ILSVRC/Data/CLS-LOC/train/n02441942/n02441942_4840.JPEG
28c0a162fdfb4b4c98bbf577, ILSVRC/Data/CLS-LOC/train/n02104029/n02104029_2395.JPEG, ILSVRC/Data/CLS-LOC/train/n02111500/n02111500_5230.JPEG
2906dca587caeb40b6438032, ILSVRC/Data/CLS-LOC/train/n02492035/n02492035_2723.JPEG, ILSVRC/Data/CLS-LOC/train/n02484975/n02484975_6217.JPEG
292332f2f6c94be436368b30, ILSVRC/Data/CLS-LOC/train/n02443114/n02443114_8211.JPEG, ILSVRC/Data/CLS-LOC/train/n02441942/n02441942_8506.JPEG
294ea3607f5e49c408f2b2b7, ILSVRC/Data/CLS-LOC/train/n02109961/n02109961_18552.JPEG, ILSVRC/Data/CLS-LOC/train/n02110185/n02110185_12912.JPEG
29583e548e44c4ed1dd89576, ILSVRC/Data/CLS-LOC/train/n02403003/n02403003_11727.JPEG, ILSVRC/Data/CLS-LOC/train/n03868242/n03868242_765.JPEG
29f2a3a17dfa43c04191623c, ILSVRC/Data/CLS-LOC/train/n02086646/n02086646_1757.JPEG, ILSVRC/Data/CLS-LOC/train/n02101388/n02101388_2734.JPEG
2ac6c73bdc662b7bfef5bef8, ILSVRC/Data/CLS-LOC/train/n03691459/n03691459_38802.JPEG, ILSVRC/Data/CLS-LOC/train/n04392985/n04392985_243.JPEG
2af6d84ed19bb8763e0b8549, ILSVRC/Data/CLS-LOC/train/n03000247/n03000247_21236.JPEG, ILSVRC/Data/CLS-LOC/train/n03146219/n03146219_1529.JPEG
2b219c53578e7bc3b29def7f, ILSVRC/Data/CLS-LOC/val/ILSVRC2012_val_00023346.JPEG, ILSVRC/Data/CLS-LOC/train/n02102973/n02102973_7598.JPEG
2cd89da1e441c034c5d88f3d, ILSVRC/Data/CLS-LOC/train/n02109961/n02109961_2609.JPEG, ILSVRC/Data/CLS-LOC/train/n02110185/n02110185_6525.JPEG
2cf64f909d040a5fff4c169f, ILSVRC/Data/CLS-LOC/train/n02106030/n02106030_5310.JPEG, ILSVRC/Data/CLS-LOC/train/n02106030/n02106030_6193.JPEG
2d0bfcaba18a63057708952d, ILSVRC/Data/CLS-LOC/train/n03496892/n03496892_10986.JPEG, ILSVRC/Data/CLS-LOC/train/n04428191/n04428191_751.JPEG
2d0ebcbd818b02026118299c, ILSVRC/Data/CLS-LOC/train/n01917289/n01917289_31.JPEG, ILSVRC/Data/CLS-LOC/train/n09256479/n09256479_841.JPEG
2d21efe5acd3a03ad18abe32, ILSVRC/Data/CLS-LOC/train/n02123159/n02123159_4676.JPEG, ILSVRC/Data/CLS-LOC/test/ILSVRC2012_test_00057893.JPEG
2d8c41c78d8ed21fd72024e7, ILSVRC/Data/CLS-LOC/train/n04264628/n04264628_2009.JPEG, ILSVRC/Data/CLS-LOC/train/n04505470/n04505470_728.JPEG
2deffcd2c586181bf360e62b, ILSVRC/Data/CLS-LOC/train/n02107574/n02107574_78.JPEG, ILSVRC/Data/CLS-LOC/train/n02107908/n02107908_1811.JPEG
2e8ba9303d26471dd0a63e2c, ILSVRC/Data/CLS-LOC/train/n04008634/n04008634_3990.JPEG, ILSVRC/Data/CLS-LOC/train/n03773504/n03773504_13079.JPEG
2ec11538306b80f345e128cd, ILSVRC/Data/CLS-LOC/train/n02128925/n02128925_28762.JPEG, ILSVRC/Data/CLS-LOC/train/n02128385/n02128385_15827.JPEG
30569075e5393d3606918fc8, ILSVRC/Data/CLS-LOC/train/n03838899/n03838899_4608.JPEG, ILSVRC/Data/CLS-LOC/train/n02804610/n02804610_2380.JPEG
30761c0dbb1b70e314d6ce72, ILSVRC/Data/CLS-LOC/test/ILSVRC2012_test_00069300.JPEG, ILSVRC/Data/CLS-LOC/test/ILSVRC2012_test_00060688.JPEG
30b53394f6bea9f222714643, ILSVRC/Data/CLS-LOC/train/n02128757/n02128757_6144.JPEG, ILSVRC/Data/CLS-LOC/train/n02128385/n02128385_19609.JPEG
30cc463baf4290c12bc35513, ILSVRC/Data/CLS-LOC/train/n04251144/n04251144_16929.JPEG, ILSVRC/Data/CLS-LOC/train/n09256479/n09256479_728.JPEG
30e126954cbebeffb60cc0db, ILSVRC/Data/CLS-LOC/train/n02095570/n02095570_4731.JPEG, ILSVRC/Data/CLS-LOC/train/n02090622/n02090622_3975.JPEG, ILSVRC/Data/CLS-LOC/train/n02095314/n02095314_1354.JPEG
30e1619c8e49be13720fa0cf, ILSVRC/Data/CLS-LOC/train/n02094258/n02094258_3253.JPEG, ILSVRC/Data/CLS-LOC/train/n02094114/n02094114_3954.JPEG
30e1e279a931b87948c87324, ILSVRC/Data/CLS-LOC/train/n02097047/n02097047_951.JPEG, ILSVRC/Data/CLS-LOC/train/n02097209/n02097209_583.JPEG, ILSVRC/Data/CLS-LOC/train/n02097130/n02097130_852.JPEG
3175005a4c6d95b3c10eca92, ILSVRC/Data/CLS-LOC/train/n02120505/n02120505_16583.JPEG, ILSVRC/Data/CLS-LOC/train/n02115641/n02115641_1425.JPEG, ILSVRC/Data/CLS-LOC/train/n02115913/n02115913_416.JPEG
31b08489b8a602523fcc94da, ILSVRC/Data/CLS-LOC/train/n02109961/n02109961_21394.JPEG, ILSVRC/Data/CLS-LOC/train/n02110185/n02110185_9975.JPEG
31fee187bcff7b9540b16af1, ILSVRC/Data/CLS-LOC/train/n02097474/n02097474_4053.JPEG, ILSVRC/Data/CLS-LOC/train/n02097474/n02097474_4147.JPEG
325f194e313e34fe807ff255, ILSVRC/Data/CLS-LOC/train/n03255030/n03255030_3114.JPEG, ILSVRC/Data/CLS-LOC/train/n02790996/n02790996_957.JPEG
32e33387ac5978d500ff622e, ILSVRC/Data/CLS-LOC/train/n02089867/n02089867_802.JPEG, ILSVRC/Data/CLS-LOC/train/n02089973/n02089973_1492.JPEG
32e4e1a22fda5b452aa2c8f5, ILSVRC/Data/CLS-LOC/train/n02106166/n02106166_3865.JPEG, ILSVRC/Data/CLS-LOC/train/n02106030/n02106030_9372.JPEG
32efa32b713f6ef8429c5ea8, ILSVRC/Data/CLS-LOC/train/n02105641/n02105641_4268.JPEG, ILSVRC/Data/CLS-LOC/test/ILSVRC2012_test_00052405.JPEG
3327f1ba9793503f702634bc, ILSVRC/Data/CLS-LOC/val/ILSVRC2012_val_00019153.JPEG, ILSVRC/Data/CLS-LOC/train/n02107574/n02107574_3133.JPEG, ILSVRC/Data/CLS-LOC/train/n02108551/n02108551_6031.JPEG
338f29ebaa9c1833c05a680e, ILSVRC/Data/CLS-LOC/train/n02109961/n02109961_2369.JPEG, ILSVRC/Data/CLS-LOC/train/n02110185/n02110185_9847.JPEG
3397730badf3f95f07b3091c, ILSVRC/Data/CLS-LOC/train/n02111277/n02111277_8616.JPEG, ILSVRC/Data/CLS-LOC/train/n02105505/n02105505_2685.JPEG
33b56bfe1a7a38d531061412, ILSVRC/Data/CLS-LOC/train/n02116738/n02116738_373.JPEG, ILSVRC/Data/CLS-LOC/train/n02115913/n02115913_883.JPEG
33b762b288141a31e2ec6a62, ILSVRC/Data/CLS-LOC/train/n02119789/n02119789_2515.JPEG, ILSVRC/Data/CLS-LOC/train/n02119022/n02119022_426.JPEG
33ffc40eb2d51d3148b1cbf9, ILSVRC/Data/CLS-LOC/train/n02093647/n02093647_1621.JPEG, ILSVRC/Data/CLS-LOC/train/n02093647/n02093647_362.JPEG
3457b3a8ad3f6e4415b7b79e, ILSVRC/Data/CLS-LOC/train/n02095570/n02095570_1929.JPEG, ILSVRC/Data/CLS-LOC/train/n02095314/n02095314_1043.JPEG
346f5a47434b20fd5326cac0, ILSVRC/Data/CLS-LOC/train/n02494079/n02494079_5995.JPEG, ILSVRC/Data/CLS-LOC/train/n02493509/n02493509_15639.JPEG, ILSVRC/Data/CLS-LOC/test/ILSVRC2012_test_00062095.JPEG
34b671810d672a5d3722a820, ILSVRC/Data/CLS-LOC/train/n02093754/n02093754_7604.JPEG, ILSVRC/Data/CLS-LOC/train/n02094114/n02094114_4305.JPEG
34d6ebe49d251e5757f6be6e, ILSVRC/Data/CLS-LOC/train/n02089867/n02089867_7640.JPEG, ILSVRC/Data/CLS-LOC/train/n02089973/n02089973_3401.JPEG
34e860348f401e4988cdbf34, ILSVRC/Data/CLS-LOC/train/n02443114/n02443114_11171.JPEG, ILSVRC/Data/CLS-LOC/train/n02443484/n02443484_4733.JPEG
3536d72e8d653ef1d08363e0, ILSVRC/Data/CLS-LOC/train/n02095570/n02095570_95.JPEG, ILSVRC/Data/CLS-LOC/train/n02095314/n02095314_2038.JPEG
364303c4489954fdb908ed93, ILSVRC/Data/CLS-LOC/train/n02106166/n02106166_930.JPEG, ILSVRC/Data/CLS-LOC/train/n02106030/n02106030_2284.JPEG
364b4af2f5132b5c02bc9f24, ILSVRC/Data/CLS-LOC/train/n02447366/n02447366_326.JPEG, ILSVRC/Data/CLS-LOC/train/n02441942/n02441942_15043.JPEG
36561987d56666fd993636f4, ILSVRC/Data/CLS-LOC/train/n02091831/n02091831_10823.JPEG, ILSVRC/Data/CLS-LOC/train/n02091134/n02091134_14931.JPEG
366fe3a3adf9bac106dd4f8e, ILSVRC/Data/CLS-LOC/train/n02109961/n02109961_8418.JPEG, ILSVRC/Data/CLS-LOC/train/n02110185/n02110185_5871.JPEG
3672499788cbc6557f2f418a, ILSVRC/Data/CLS-LOC/train/n02093428/n02093428_1925.JPEG, ILSVRC/Data/CLS-LOC/train/n02093256/n02093256_1431.JPEG
367a019bb911366c991c1d84, ILSVRC/Data/CLS-LOC/train/n02114712/n02114712_15380.JPEG, ILSVRC/Data/CLS-LOC/train/n02115641/n02115641_17459.JPEG
3797e2cbcd41bc53d5de4b62, ILSVRC/Data/CLS-LOC/train/n02119789/n02119789_7261.JPEG, ILSVRC/Data/CLS-LOC/train/n02115913/n02115913_3281.JPEG
37fa235b59003ddab04edd81, ILSVRC/Data/CLS-LOC/train/n02403003/n02403003_904.JPEG, ILSVRC/Data/CLS-LOC/train/n03868242/n03868242_374.JPEG
37ffab29e839e9c353016318, ILSVRC/Data/CLS-LOC/train/n02093428/n02093428_4619.JPEG, ILSVRC/Data/CLS-LOC/train/n02093256/n02093256_3394.JPEG
3824f2db06d2b5807486bef6, ILSVRC/Data/CLS-LOC/train/n02114712/n02114712_9227.JPEG, ILSVRC/Data/CLS-LOC/train/n02114367/n02114367_26661.JPEG
38e2b8039b4e61f02f937960, ILSVRC/Data/CLS-LOC/train/n02097474/n02097474_4611.JPEG, ILSVRC/Data/CLS-LOC/train/n02108551/n02108551_3284.JPEG
3974f5423cf3db842fd8bff7, ILSVRC/Data/CLS-LOC/train/n02109961/n02109961_3027.JPEG, ILSVRC/Data/CLS-LOC/train/n02110063/n02110063_2593.JPEG
39f24245307d3086280d528a, ILSVRC/Data/CLS-LOC/train/n04264628/n04264628_305.JPEG, ILSVRC/Data/CLS-LOC/train/n04505470/n04505470_3447.JPEG
3a592b0b781fb1020da1379d, ILSVRC/Data/CLS-LOC/train/n01756291/n01756291_16222.JPEG, ILSVRC/Data/CLS-LOC/train/n01753488/n01753488_401.JPEG
3a63c2b3dd493e79b9cc1f80, ILSVRC/Data/CLS-LOC/train/n02443484/n02443484_15820.JPEG, ILSVRC/Data/CLS-LOC/test/ILSVRC2012_test_00035920.JPEG
3acfbb2b50bbbf12979d4558, ILSVRC/Data/CLS-LOC/train/n02442845/n02442845_29817.JPEG, ILSVRC/Data/CLS-LOC/train/n02441942/n02441942_14908.JPEG
3c8bd066d7ae521e7f74bf75, ILSVRC/Data/CLS-LOC/train/n02641379/n02641379_38309.JPEG, ILSVRC/Data/CLS-LOC/train/n02526121/n02526121_3231.JPEG
3cd7cb83e540205b4acd54ab, ILSVRC/Data/CLS-LOC/train/n02089867/n02089867_4001.JPEG, ILSVRC/Data/CLS-LOC/train/n02089973/n02089973_1957.JPEG
3ceaa1abbf119379bcb534e5, ILSVRC/Data/CLS-LOC/train/n02094114/n02094114_1136.JPEG, ILSVRC/Data/CLS-LOC/test/ILSVRC2012_test_00057713.JPEG
3d12928fc1592055535dc76c, ILSVRC/Data/CLS-LOC/train/n02097474/n02097474_8382.JPEG, ILSVRC/Data/CLS-LOC/train/n02097658/n02097658_5082.JPEG
3e6f399bd25fffb2ad129dcd, ILSVRC/Data/CLS-LOC/val/ILSVRC2012_val_00015963.JPEG, ILSVRC/Data/CLS-LOC/train/n04209239/n04209239_148.JPEG
40fdbd290abd5ee0c59ea35b, ILSVRC/Data/CLS-LOC/train/n03447721/n03447721_15886.JPEG, ILSVRC/Data/CLS-LOC/train/n03017168/n03017168_17573.JPEG
413112475a163184380376d6, ILSVRC/Data/CLS-LOC/train/n02097209/n02097209_3366.JPEG, ILSVRC/Data/CLS-LOC/train/n02097209/n02097209_2346.JPEG
413b20744ac61d8411120b80, ILSVRC/Data/CLS-LOC/train/n01631663/n01631663_7419.JPEG, ILSVRC/Data/CLS-LOC/train/n01630670/n01630670_3963.JPEG
413c85b80ab6d1c465b220c0, ILSVRC/Data/CLS-LOC/train/n02363005/n02363005_5995.JPEG, ILSVRC/Data/CLS-LOC/train/n02447366/n02447366_8851.JPEG
41a8fe114bcaae7cc6c9e0e1, ILSVRC/Data/CLS-LOC/train/n02089867/n02089867_1068.JPEG, ILSVRC/Data/CLS-LOC/train/n02090379/n02090379_1513.JPEG, ILSVRC/Data/CLS-LOC/train/n02088632/n02088632_1176.JPEG
41b8eb74e8e2eb0477483794, ILSVRC/Data/CLS-LOC/train/n02484975/n02484975_10023.JPEG, ILSVRC/Data/CLS-LOC/test/ILSVRC2012_test_00088096.JPEG
42416b901f629d806497afd0, ILSVRC/Data/CLS-LOC/train/n02487347/n02487347_3203.JPEG, ILSVRC/Data/CLS-LOC/train/n02486261/n02486261_15297.JPEG
42e4452af39bbfe38aa079d9, ILSVRC/Data/CLS-LOC/train/n02119789/n02119789_666.JPEG, ILSVRC/Data/CLS-LOC/train/n02119022/n02119022_9591.JPEG
430da7222cbedfc4643030fa, ILSVRC/Data/CLS-LOC/train/n02097474/n02097474_2929.JPEG, ILSVRC/Data/CLS-LOC/train/n02108551/n02108551_2097.JPEG
433fa1aca83d2594c50963e0, ILSVRC/Data/CLS-LOC/train/n02493509/n02493509_13771.JPEG, ILSVRC/Data/CLS-LOC/test/ILSVRC2012_test_00067812.JPEG
451e2be59cfe670cefbc1fbe, ILSVRC/Data/CLS-LOC/train/n04265275/n04265275_7034.JPEG, ILSVRC/Data/CLS-LOC/train/n02099849/n02099849_4457.JPEG
45333246524235d4380346c7, ILSVRC/Data/CLS-LOC/train/n02093859/n02093859_1253.JPEG, ILSVRC/Data/CLS-LOC/train/n02097209/n02097209_2564.JPEG
45340be43a7446c799c23696, ILSVRC/Data/CLS-LOC/train/n07716906/n07716906_8095.JPEG, ILSVRC/Data/CLS-LOC/train/n07717410/n07717410_8998.JPEG
454d206e2ee67dcc281fad5d, ILSVRC/Data/CLS-LOC/train/n02500267/n02500267_13007.JPEG, ILSVRC/Data/CLS-LOC/train/n02486261/n02486261_10089.JPEG
456e392bfa295b163e21ffa1, ILSVRC/Data/CLS-LOC/train/n02120079/n02120079_2022.JPEG, ILSVRC/Data/CLS-LOC/train/n02114548/n02114548_13638.JPEG
45efb9eababa03265d71f6d7, ILSVRC/Data/CLS-LOC/train/n02094258/n02094258_1514.JPEG, ILSVRC/Data/CLS-LOC/train/n02094114/n02094114_1826.JPEG
477e0b6e57ce2cf64897f8c1, ILSVRC/Data/CLS-LOC/train/n02504013/n02504013_6387.JPEG, ILSVRC/Data/CLS-LOC/train/n02504458/n02504458_3858.JPEG
47df025b510a1bd6093fac5d, ILSVRC/Data/CLS-LOC/train/n02095570/n02095570_5931.JPEG, ILSVRC/Data/CLS-LOC/train/n02095314/n02095314_3240.JPEG
47f229f48c505f8559f3bcd0, ILSVRC/Data/CLS-LOC/train/n02127052/n02127052_25319.JPEG, ILSVRC/Data/CLS-LOC/train/n02119789/n02119789_5917.JPEG
4842dd934da9be52577ce75b, ILSVRC/Data/CLS-LOC/val/ILSVRC2012_val_00036642.JPEG, ILSVRC/Data/CLS-LOC/train/n03017168/n03017168_65364.JPEG
489a64139c3efa17153ca7ff, ILSVRC/Data/CLS-LOC/train/n04264628/n04264628_1888.JPEG, ILSVRC/Data/CLS-LOC/train/n04505470/n04505470_4224.JPEG
494521232fbecb2485b1e71c, ILSVRC/Data/CLS-LOC/train/n02097047/n02097047_4907.JPEG, ILSVRC/Data/CLS-LOC/train/n02097209/n02097209_2990.JPEG
49a3e7d49f43dd7f5ccd51fc, ILSVRC/Data/CLS-LOC/train/n02107312/n02107312_5665.JPEG, ILSVRC/Data/CLS-LOC/train/n02091032/n02091032_9005.JPEG
4a6826595fe8858969b3ed9e, ILSVRC/Data/CLS-LOC/test/ILSVRC2012_test_00087384.JPEG, ILSVRC/Data/CLS-LOC/test/ILSVRC2012_test_00064634.JPEG
4acfa23afbb11f3088007018, ILSVRC/Data/CLS-LOC/train/n02134418/n02134418_13651.JPEG, ILSVRC/Data/CLS-LOC/train/n02133161/n02133161_16258.JPEG
4af04596f64b893561967ff1, ILSVRC/Data/CLS-LOC/train/n02096294/n02096294_974.JPEG, ILSVRC/Data/CLS-LOC/train/n02096294/n02096294_3704.JPEG
4b1457b69ebeebdeb5563472, ILSVRC/Data/CLS-LOC/train/n02106550/n02106550_523.JPEG, ILSVRC/Data/CLS-LOC/train/n02089078/n02089078_183.JPEG
4bd18d6eb8bf386f1b2fbcdb, ILSVRC/Data/CLS-LOC/train/n02979186/n02979186_18348.JPEG, ILSVRC/Data/CLS-LOC/train/n04392985/n04392985_18921.JPEG
4de8a337bf50d9e1f2c37cd5, ILSVRC/Data/CLS-LOC/train/n02107908/n02107908_1426.JPEG, ILSVRC/Data/CLS-LOC/test/ILSVRC2012_test_00067633.JPEG
4e04163f983afbe9b554ac32, ILSVRC/Data/CLS-LOC/train/n02110627/n02110627_6183.JPEG, ILSVRC/Data/CLS-LOC/train/n02110627/n02110627_2416.JPEG
4e890e7867a88dfbc1eaeafb, ILSVRC/Data/CLS-LOC/train/n02107574/n02107574_11.JPEG, ILSVRC/Data/CLS-LOC/train/n02107683/n02107683_20.JPEG
4eb921947051082a41b72cc5, ILSVRC/Data/CLS-LOC/train/n02090379/n02090379_3738.JPEG, ILSVRC/Data/CLS-LOC/train/n02090379/n02090379_3553.JPEG
4ee1b7bef16a8f7ac4f5f033, ILSVRC/Data/CLS-LOC/train/n02097474/n02097474_5736.JPEG, ILSVRC/Data/CLS-LOC/train/n02108551/n02108551_3282.JPEG
4f2c2a242a2c8f040a2a5fe2, ILSVRC/Data/CLS-LOC/train/n04008634/n04008634_6026.JPEG, ILSVRC/Data/CLS-LOC/train/n03773504/n03773504_2382.JPEG
4f59b81ebee7a42bff6e982e, ILSVRC/Data/CLS-LOC/train/n02102973/n02102973_480.JPEG, ILSVRC/Data/CLS-LOC/train/n02093991/n02093991_484.JPEG
4f7857347b72c058ea6a57f6, ILSVRC/Data/CLS-LOC/train/n02113799/n02113799_2292.JPEG, ILSVRC/Data/CLS-LOC/test/ILSVRC2012_test_00057476.JPEG
4fa31078d20a94d418ea4246, ILSVRC/Data/CLS-LOC/train/n02091831/n02091831_4406.JPEG, ILSVRC/Data/CLS-LOC/test/ILSVRC2012_test_00045921.JPEG
4fcdde2c9d8b903a7641ea3d, ILSVRC/Data/CLS-LOC/train/n02443114/n02443114_19873.JPEG, ILSVRC/Data/CLS-LOC/test/ILSVRC2012_test_00030200.JPEG
515eb628082d3e9820adbada, ILSVRC/Data/CLS-LOC/train/n02113186/n02113186_8678.JPEG, ILSVRC/Data/CLS-LOC/train/n02113023/n02113023_10168.JPEG
517162561e569dfd7a0e52d2, ILSVRC/Data/CLS-LOC/train/n02442845/n02442845_8875.JPEG, ILSVRC/Data/CLS-LOC/train/n02441942/n02441942_9424.JPEG
532fc4e6248d67e943316f20, ILSVRC/Data/CLS-LOC/train/n01739381/n01739381_563.JPEG, ILSVRC/Data/CLS-LOC/train/n01729977/n01729977_2144.JPEG
53ec5c0a2159ff00ba4bc562, ILSVRC/Data/CLS-LOC/train/n02804610/n02804610_11739.JPEG, ILSVRC/Data/CLS-LOC/train/n02804610/n02804610_728.JPEG
5429697ab8d43c13a6c95aa4, ILSVRC/Data/CLS-LOC/train/n03787032/n03787032_8304.JPEG, ILSVRC/Data/CLS-LOC/train/n02669723/n02669723_8894.JPEG
5453da46573231dc3ab7ff74, ILSVRC/Data/CLS-LOC/train/n02094258/n02094258_1192.JPEG, ILSVRC/Data/CLS-LOC/train/n02094114/n02094114_1432.JPEG
54b408eb723e332bee23f695, ILSVRC/Data/CLS-LOC/train/n02979186/n02979186_268.JPEG, ILSVRC/Data/CLS-LOC/train/n04392985/n04392985_5243.JPEG
551071f4a5312a16b1043f6f, ILSVRC/Data/CLS-LOC/train/n02091467/n02091467_4621.JPEG, ILSVRC/Data/CLS-LOC/train/n02090379/n02090379_3445.JPEG
56c5f3fc9d0abc7bd6282030, ILSVRC/Data/CLS-LOC/train/n02106030/n02106030_2256.JPEG, ILSVRC/Data/CLS-LOC/train/n02108551/n02108551_823.JPEG
56eb9a6af20267f53abedacc, ILSVRC/Data/CLS-LOC/train/n02105641/n02105641_2607.JPEG, ILSVRC/Data/CLS-LOC/test/ILSVRC2012_test_00067161.JPEG
5738581eab25f418eecf7105, ILSVRC/Data/CLS-LOC/train/n02097474/n02097474_1539.JPEG, ILSVRC/Data/CLS-LOC/train/n02097474/n02097474_7374.JPEG
57ffff9656c70efd78a248d6, ILSVRC/Data/CLS-LOC/train/n02099429/n02099429_2057.JPEG, ILSVRC/Data/CLS-LOC/train/n02095314/n02095314_5954.JPEG
59073ba878faea8e36885dd0, ILSVRC/Data/CLS-LOC/train/n03787032/n03787032_3056.JPEG, ILSVRC/Data/CLS-LOC/train/n02669723/n02669723_3147.JPEG
594421276efa5190379856cf, ILSVRC/Data/CLS-LOC/train/n01773797/n01773797_3061.JPEG, ILSVRC/Data/CLS-LOC/train/n01773549/n01773549_1787.JPEG
59f9ba58ab409d2848e7e05f, ILSVRC/Data/CLS-LOC/train/n02097209/n02097209_6234.JPEG, ILSVRC/Data/CLS-LOC/train/n02097130/n02097130_282.JPEG
5a81c342310ff0fb61b57e9d, ILSVRC/Data/CLS-LOC/val/ILSVRC2012_val_00012875.JPEG, ILSVRC/Data/CLS-LOC/train/n02089867/n02089867_2472.JPEG
5b7c26af6879db08377a95c3, ILSVRC/Data/CLS-LOC/train/n03535780/n03535780_849.JPEG, ILSVRC/Data/CLS-LOC/train/n03888605/n03888605_1153.JPEG
5c27a8aed6f9ff3a8e0953bc, ILSVRC/Data/CLS-LOC/train/n02486261/n02486261_2039.JPEG, ILSVRC/Data/CLS-LOC/train/n02493509/n02493509_14140.JPEG
5d0191ecd72ac71618e15747, ILSVRC/Data/CLS-LOC/train/n02088632/n02088632_1108.JPEG, ILSVRC/Data/CLS-LOC/train/n02092339/n02092339_2071.JPEG
5e67abab3a50563b6d3dce8a, ILSVRC/Data/CLS-LOC/train/n03947888/n03947888_14672.JPEG, ILSVRC/Data/CLS-LOC/train/n04147183/n04147183_17681.JPEG
5ecfbbc6331609bb6227fe89, ILSVRC/Data/CLS-LOC/train/n09332890/n09332890_29090.JPEG, ILSVRC/Data/CLS-LOC/train/n02403003/n02403003_18579.JPEG
5fdf57e3b71708b3ec077679, ILSVRC/Data/CLS-LOC/train/n04008634/n04008634_11170.JPEG, ILSVRC/Data/CLS-LOC/train/n03773504/n03773504_6865.JPEG
61f8807fad059d5fdaedd50d, ILSVRC/Data/CLS-LOC/train/n02443114/n02443114_15045.JPEG, ILSVRC/Data/CLS-LOC/train/n02443484/n02443484_15937.JPEG
623c808c4037c1e4c5ba20e4, ILSVRC/Data/CLS-LOC/train/n02490219/n02490219_11646.JPEG, ILSVRC/Data/CLS-LOC/train/n02493509/n02493509_5588.JPEG
624f197eb130b45e884e7396, ILSVRC/Data/CLS-LOC/train/n02096585/n02096585_3455.JPEG, ILSVRC/Data/CLS-LOC/train/n02108915/n02108915_3575.JPEG
62701f9c7a7bc9033d939c53, ILSVRC/Data/CLS-LOC/train/n02102973/n02102973_5948.JPEG, ILSVRC/Data/CLS-LOC/train/n02093647/n02093647_5494.JPEG
62c6d867f5bb0b4d3e8b211c, ILSVRC/Data/CLS-LOC/train/n02107683/n02107683_1061.JPEG, ILSVRC/Data/CLS-LOC/train/n02107908/n02107908_691.JPEG
62dd88b5ae1ba155924ec11a, ILSVRC/Data/CLS-LOC/val/ILSVRC2012_val_00003618.JPEG, ILSVRC/Data/CLS-LOC/train/n02916936/n02916936_5264.JPEG
63271a3a3afe7bd321872416, ILSVRC/Data/CLS-LOC/train/n02090721/n02090721_1845.JPEG, ILSVRC/Data/CLS-LOC/train/n02092002/n02092002_1997.JPEG
634ba9eee958bc50814a37c1, ILSVRC/Data/CLS-LOC/train/n02107574/n02107574_1706.JPEG, ILSVRC/Data/CLS-LOC/train/n02107574/n02107574_1180.JPEG
638ce326bffc471df0e41636, ILSVRC/Data/CLS-LOC/train/n01667114/n01667114_16519.JPEG, ILSVRC/Data/CLS-LOC/train/n01667778/n01667778_12911.JPEG
63eb9f7666095b897a2855c8, ILSVRC/Data/CLS-LOC/val/ILSVRC2012_val_00040995.JPEG, ILSVRC/Data/CLS-LOC/train/n01773549/n01773549_2633.JPEG
63f11751738a077908ec409f, ILSVRC/Data/CLS-LOC/train/n02095570/n02095570_1636.JPEG, ILSVRC/Data/CLS-LOC/train/n02091635/n02091635_3916.JPEG
6418a1a4cc474f6ddeb415f7, ILSVRC/Data/CLS-LOC/train/n02087046/n02087046_4808.JPEG, ILSVRC/Data/CLS-LOC/train/n02095570/n02095570_101.JPEG
64982b63942c4d03e1b63097, ILSVRC/Data/CLS-LOC/train/n02097047/n02097047_151.JPEG, ILSVRC/Data/CLS-LOC/train/n02097209/n02097209_430.JPEG
65278666cf466dffc88acce1, ILSVRC/Data/CLS-LOC/train/n02398521/n02398521_31130.JPEG, ILSVRC/Data/CLS-LOC/train/n01667778/n01667778_13891.JPEG
653332445e9a019c3bd3c74e, ILSVRC/Data/CLS-LOC/train/n02116738/n02116738_6754.JPEG, ILSVRC/Data/CLS-LOC/test/ILSVRC2012_test_00063739.JPEG
65e9a378cdcccc63d577c2df, ILSVRC/Data/CLS-LOC/train/n02443114/n02443114_1756.JPEG, ILSVRC/Data/CLS-LOC/train/n02441942/n02441942_2414.JPEG
6831b7999a83bd481d8f50df, ILSVRC/Data/CLS-LOC/train/n02094258/n02094258_153.JPEG, ILSVRC/Data/CLS-LOC/train/n02094114/n02094114_1540.JPEG
6831be1d4ac399887d835197, ILSVRC/Data/CLS-LOC/train/n02492035/n02492035_373.JPEG, ILSVRC/Data/CLS-LOC/train/n02494079/n02494079_5720.JPEG, ILSVRC/Data/CLS-LOC/test/ILSVRC2012_test_00053474.JPEG
68e0813b7e50497908bbd77d, ILSVRC/Data/CLS-LOC/train/n02110958/n02110958_5455.JPEG, ILSVRC/Data/CLS-LOC/train/n02108089/n02108089_15477.JPEG
68e6d8a0adf13a10468b711e, ILSVRC/Data/CLS-LOC/train/n02097209/n02097209_1240.JPEG, ILSVRC/Data/CLS-LOC/train/n02097130/n02097130_1785.JPEG
68ecf51237c34f34ccb9b334, ILSVRC/Data/CLS-LOC/train/n02109961/n02109961_12107.JPEG, ILSVRC/Data/CLS-LOC/train/n02110185/n02110185_8544.JPEG
693323467a1811c8320372da, ILSVRC/Data/CLS-LOC/train/n02093859/n02093859_1697.JPEG, ILSVRC/Data/CLS-LOC/train/n02095570/n02095570_6404.JPEG, ILSVRC/Data/CLS-LOC/train/n02095314/n02095314_3495.JPEG
6935846e8d453fa7d88b7f64, ILSVRC/Data/CLS-LOC/train/n01491361/n01491361_11643.JPEG, ILSVRC/Data/CLS-LOC/train/n01484850/n01484850_17433.JPEG
6a8ca862b42ecfb247a03a7a, ILSVRC/Data/CLS-LOC/train/n01491361/n01491361_8195.JPEG, ILSVRC/Data/CLS-LOC/train/n01484850/n01484850_1423.JPEG
6ad677b2e762abc8a0c67632, ILSVRC/Data/CLS-LOC/train/n02102177/n02102177_1546.JPEG, ILSVRC/Data/CLS-LOC/train/n02102480/n02102480_8239.JPEG
6b8706aeb0be59ed7603b03a, ILSVRC/Data/CLS-LOC/train/n02099429/n02099429_1736.JPEG, ILSVRC/Data/CLS-LOC/train/n02102480/n02102480_7682.JPEG
6bc5d08decce911a47e820b3, ILSVRC/Data/CLS-LOC/train/n01807496/n01807496_9765.JPEG, ILSVRC/Data/CLS-LOC/train/n01797886/n01797886_475.JPEG
6be5584275faf3daaa21042f, ILSVRC/Data/CLS-LOC/train/n02097298/n02097298_11360.JPEG, ILSVRC/Data/CLS-LOC/train/n02096177/n02096177_9014.JPEG
6beac8a2a4bb7b16f2297419, ILSVRC/Data/CLS-LOC/train/n02102973/n02102973_3149.JPEG, ILSVRC/Data/CLS-LOC/train/n02099429/n02099429_3865.JPEG
6c01f79e88bb9f58150a413f, ILSVRC/Data/CLS-LOC/train/n02489166/n02489166_119.JPEG, ILSVRC/Data/CLS-LOC/test/ILSVRC2012_test_00039542.JPEG
6db8a9fcd7065735d0b636f7, ILSVRC/Data/CLS-LOC/train/n02089867/n02089867_5399.JPEG, ILSVRC/Data/CLS-LOC/test/ILSVRC2012_test_00032336.JPEG
6e11d28e846798ff0517dc37, ILSVRC/Data/CLS-LOC/train/n02090721/n02090721_381.JPEG, ILSVRC/Data/CLS-LOC/train/n02091032/n02091032_651.JPEG
6ea3d26677ce577c7cfd8ae5, ILSVRC/Data/CLS-LOC/train/n02443114/n02443114_6808.JPEG, ILSVRC/Data/CLS-LOC/train/n02442845/n02442845_5558.JPEG
6ea8a3d4f656d5eff032f4d3, ILSVRC/Data/CLS-LOC/train/n02113186/n02113186_5618.JPEG, ILSVRC/Data/CLS-LOC/train/n02113023/n02113023_7584.JPEG
6ee843a2fc207da9c2685aeb, ILSVRC/Data/CLS-LOC/train/n02494079/n02494079_17995.JPEG, ILSVRC/Data/CLS-LOC/train/n02493509/n02493509_7241.JPEG
6f1f4bb6180b0b2cc654a3dc, ILSVRC/Data/CLS-LOC/train/n02095570/n02095570_500.JPEG, ILSVRC/Data/CLS-LOC/train/n02095314/n02095314_293.JPEG
6ffdae6e96441debd00278c6, ILSVRC/Data/CLS-LOC/train/n02109961/n02109961_3684.JPEG, ILSVRC/Data/CLS-LOC/train/n02110185/n02110185_1993.JPEG
703d50135eaebdabf78ec823, ILSVRC/Data/CLS-LOC/train/n02096294/n02096294_1119.JPEG, ILSVRC/Data/CLS-LOC/train/n02096294/n02096294_2306.JPEG
707d41869d0d2acdb38c34a2, ILSVRC/Data/CLS-LOC/train/n02113712/n02113712_566.JPEG, ILSVRC/Data/CLS-LOC/train/n02113624/n02113624_813.JPEG
7221e590de0b9b453fac74dd, ILSVRC/Data/CLS-LOC/train/n02095570/n02095570_5833.JPEG, ILSVRC/Data/CLS-LOC/train/n02095314/n02095314_3227.JPEG, ILSVRC/Data/CLS-LOC/train/n02095314/n02095314_3189.JPEG
728aaeadfa18dcebb65ef162, ILSVRC/Data/CLS-LOC/train/n03787032/n03787032_179.JPEG, ILSVRC/Data/CLS-LOC/train/n02669723/n02669723_3801.JPEG
728b8b61e598c473eecc03ab, ILSVRC/Data/CLS-LOC/train/n02113712/n02113712_6173.JPEG, ILSVRC/Data/CLS-LOC/train/n02113624/n02113624_8614.JPEG
738a2e8837ed21293def992e, ILSVRC/Data/CLS-LOC/train/n01729322/n01729322_14965.JPEG, ILSVRC/Data/CLS-LOC/train/n01740131/n01740131_6692.JPEG
74330b55415cf9cba31f5997, ILSVRC/Data/CLS-LOC/train/n02105641/n02105641_2138.JPEG, ILSVRC/Data/CLS-LOC/train/n02112706/n02112706_4739.JPEG
746101ec90683f040a0d9f05, ILSVRC/Data/CLS-LOC/train/n02097209/n02097209_1387.JPEG, ILSVRC/Data/CLS-LOC/train/n02110627/n02110627_4395.JPEG
74ee23ab03584e63589b57e4, ILSVRC/Data/CLS-LOC/train/n02095889/n02095889_1120.JPEG, ILSVRC/Data/CLS-LOC/train/n02096437/n02096437_790.JPEG
75886f7cac38e31402f51f2c, ILSVRC/Data/CLS-LOC/train/n02120505/n02120505_2917.JPEG, ILSVRC/Data/CLS-LOC/train/n02119789/n02119789_1806.JPEG, ILSVRC/Data/CLS-LOC/train/n02114855/n02114855_411.JPEG
75f82704ea3b719a2439d6eb, ILSVRC/Data/CLS-LOC/train/n03218198/n03218198_10536.JPEG, ILSVRC/Data/CLS-LOC/train/n02110063/n02110063_8320.JPEG
75fa231bd5413d6fd9d7dd05, ILSVRC/Data/CLS-LOC/val/ILSVRC2012_val_00007507.JPEG, ILSVRC/Data/CLS-LOC/train/n02102318/n02102318_16369.JPEG, ILSVRC/Data/CLS-LOC/train/n02101556/n02101556_8100.JPEG
76400a77bb3ae0cda76e5116, ILSVRC/Data/CLS-LOC/train/n04229816/n04229816_5191.JPEG, ILSVRC/Data/CLS-LOC/test/ILSVRC2012_test_00012195.JPEG
7660c062e77968c942f88f61, ILSVRC/Data/CLS-LOC/train/n02097047/n02097047_2069.JPEG, ILSVRC/Data/CLS-LOC/train/n02097209/n02097209_1298.JPEG
76cca8abb71381f3aae77415, ILSVRC/Data/CLS-LOC/train/n01692333/n01692333_4326.JPEG, ILSVRC/Data/CLS-LOC/train/n01675722/n01675722_11185.JPEG
784133953a0b9c10348d41cf, ILSVRC/Data/CLS-LOC/train/n02096051/n02096051_1028.JPEG, ILSVRC/Data/CLS-LOC/train/n02095314/n02095314_719.JPEG
7868cd75af11191d35030f43, ILSVRC/Data/CLS-LOC/train/n03532672/n03532672_16749.JPEG, ILSVRC/Data/CLS-LOC/train/n04067472/n04067472_1728.JPEG
78a34e43c8cc309b722ef898, ILSVRC/Data/CLS-LOC/train/n02097658/n02097658_2087.JPEG, ILSVRC/Data/CLS-LOC/train/n02098413/n02098413_3876.JPEG
7a3200d35b8be6cd938a41cf, ILSVRC/Data/CLS-LOC/train/n02100735/n02100735_5988.JPEG, ILSVRC/Data/CLS-LOC/train/n02100735/n02100735_2684.JPEG
7aa9263cbc6cc57b44e110fb, ILSVRC/Data/CLS-LOC/train/n02396427/n02396427_1266.JPEG, ILSVRC/Data/CLS-LOC/train/n02395406/n02395406_3674.JPEG
7aa9e23aff219d3bd8e45180, ILSVRC/Data/CLS-LOC/train/n02484975/n02484975_8.JPEG, ILSVRC/Data/CLS-LOC/train/n02486261/n02486261_5649.JPEG
7bdeea224e77ea0c7f6d019c, ILSVRC/Data/CLS-LOC/train/n02749479/n02749479_1568.JPEG, ILSVRC/Data/CLS-LOC/train/n04090263/n04090263_3088.JPEG
7bfb5850726891d720284296, ILSVRC/Data/CLS-LOC/train/n02114712/n02114712_5138.JPEG, ILSVRC/Data/CLS-LOC/train/n02115913/n02115913_1680.JPEG, ILSVRC/Data/CLS-LOC/train/n02114855/n02114855_4876.JPEG, ILSVRC/Data/CLS-LOC/test/ILSVRC2012_test_00040277.JPEG
7c3e524ad1296a55d9ded764, ILSVRC/Data/CLS-LOC/train/n02088632/n02088632_3701.JPEG, ILSVRC/Data/CLS-LOC/train/n02088632/n02088632_4431.JPEG
7ce1abc4f539b0729635669a, ILSVRC/Data/CLS-LOC/train/n02097658/n02097658_5358.JPEG, ILSVRC/Data/CLS-LOC/train/n02096294/n02096294_3891.JPEG
7cf35a865f20fe55984c1584, ILSVRC/Data/CLS-LOC/train/n02115913/n02115913_4336.JPEG, ILSVRC/Data/CLS-LOC/train/n02119022/n02119022_1358.JPEG
7d033ac523c4c5506a8771b8, ILSVRC/Data/CLS-LOC/train/n04008634/n04008634_9068.JPEG, ILSVRC/Data/CLS-LOC/train/n03773504/n03773504_7473.JPEG
7d3ea3e5d626f5ffb4b69676, ILSVRC/Data/CLS-LOC/train/n02093859/n02093859_8.JPEG, ILSVRC/Data/CLS-LOC/train/n02093859/n02093859_2966.JPEG
7d8cafe0766e6784a7327f1f, ILSVRC/Data/CLS-LOC/train/n01744401/n01744401_6136.JPEG, ILSVRC/Data/CLS-LOC/train/n01740131/n01740131_7327.JPEG
7de16bb4561d78902e356643, ILSVRC/Data/CLS-LOC/train/n01664065/n01664065_31648.JPEG, ILSVRC/Data/CLS-LOC/train/n01665541/n01665541_11212.JPEG
7deaebb4d60afe1738fd5447, ILSVRC/Data/CLS-LOC/train/n02114712/n02114712_18340.JPEG, ILSVRC/Data/CLS-LOC/train/n02115913/n02115913_359.JPEG
7ea78a0bea05742759738f24, ILSVRC/Data/CLS-LOC/train/n01491361/n01491361_470.JPEG, ILSVRC/Data/CLS-LOC/train/n01484850/n01484850_21195.JPEG
7f20c4c7f93bc0c100dac26f, ILSVRC/Data/CLS-LOC/train/n02120505/n02120505_3198.JPEG, ILSVRC/Data/CLS-LOC/train/n02115913/n02115913_5579.JPEG
7f9f4abe891590d3bd4d5402, ILSVRC/Data/CLS-LOC/train/n02396427/n02396427_9958.JPEG, ILSVRC/Data/CLS-LOC/train/n02395406/n02395406_7231.JPEG
8225733a72daff6968822034, ILSVRC/Data/CLS-LOC/train/n02094258/n02094258_5590.JPEG, ILSVRC/Data/CLS-LOC/train/n02096294/n02096294_5329.JPEG
82c59fba905b2f4b3ea738d8, ILSVRC/Data/CLS-LOC/train/n02097474/n02097474_3848.JPEG, ILSVRC/Data/CLS-LOC/train/n02108551/n02108551_2778.JPEG
82d1628a9473b9f519079e06, ILSVRC/Data/CLS-LOC/train/n02494079/n02494079_3901.JPEG, ILSVRC/Data/CLS-LOC/train/n02493509/n02493509_12757.JPEG, ILSVRC/Data/CLS-LOC/test/ILSVRC2012_test_00080261.JPEG
82fe701dbb838e54bb1a2108, ILSVRC/Data/CLS-LOC/train/n01729322/n01729322_11432.JPEG, ILSVRC/Data/CLS-LOC/train/n01735189/n01735189_7402.JPEG
8410b3950d004a1ce94c20d7, ILSVRC/Data/CLS-LOC/train/n02106166/n02106166_2837.JPEG, ILSVRC/Data/CLS-LOC/train/n02106030/n02106030_6888.JPEG
847e5d84d0fc6e1ee5af0b91, ILSVRC/Data/CLS-LOC/train/n02895154/n02895154_21711.JPEG, ILSVRC/Data/CLS-LOC/train/n03146219/n03146219_8335.JPEG
8481a0f85475d8bc4db58ca7, ILSVRC/Data/CLS-LOC/train/n02096294/n02096294_1400.JPEG, ILSVRC/Data/CLS-LOC/train/n02096294/n02096294_781.JPEG
8612799d7bc964b85d4ec4f2, ILSVRC/Data/CLS-LOC/train/n03535780/n03535780_12142.JPEG, ILSVRC/Data/CLS-LOC/train/n03888605/n03888605_2973.JPEG
86f429b6aed54f7df8852c96, ILSVRC/Data/CLS-LOC/val/ILSVRC2012_val_00045465.JPEG, ILSVRC/Data/CLS-LOC/train/n02119789/n02119789_11101.JPEG
870cdb92d4af02f7c5805897, ILSVRC/Data/CLS-LOC/train/n02091134/n02091134_7528.JPEG, ILSVRC/Data/CLS-LOC/test/ILSVRC2012_test_00009536.JPEG
871473b4b7b6dde767760a17, ILSVRC/Data/CLS-LOC/train/n02106550/n02106550_9187.JPEG, ILSVRC/Data/CLS-LOC/train/n02089078/n02089078_3183.JPEG
87de3df233b01f08667d99c9, ILSVRC/Data/CLS-LOC/train/n01729977/n01729977_12370.JPEG, ILSVRC/Data/CLS-LOC/train/n01749939/n01749939_3706.JPEG
88e37ca5d7ca8e7d7a78af68, ILSVRC/Data/CLS-LOC/train/n02443114/n02443114_2719.JPEG, ILSVRC/Data/CLS-LOC/train/n02443484/n02443484_11282.JPEG
897aa0ec5e3bd12f1da3d257, ILSVRC/Data/CLS-LOC/train/n02749479/n02749479_10.JPEG, ILSVRC/Data/CLS-LOC/train/n04090263/n04090263_19169.JPEG
899cb5f10c4e0a14e38036d7, ILSVRC/Data/CLS-LOC/train/n02109961/n02109961_8055.JPEG, ILSVRC/Data/CLS-LOC/train/n02110185/n02110185_5628.JPEG
89b7c3eed5b7e37759721e2d, ILSVRC/Data/CLS-LOC/train/n02085782/n02085782_313.JPEG, ILSVRC/Data/CLS-LOC/train/n02086910/n02086910_16333.JPEG, ILSVRC/Data/CLS-LOC/train/n02086646/n02086646_280.JPEG
8a00c753ad03cbc5dadcc9d0, ILSVRC/Data/CLS-LOC/train/n02090622/n02090622_3156.JPEG, ILSVRC/Data/CLS-LOC/train/n02090622/n02090622_7697.JPEG
8a6003c2f99aebc912f844a7, ILSVRC/Data/CLS-LOC/train/n02106166/n02106166_884.JPEG, ILSVRC/Data/CLS-LOC/train/n02106030/n02106030_2217.JPEG
8adc4fc15075881e583b2fc9, ILSVRC/Data/CLS-LOC/train/n02783161/n02783161_19880.JPEG, ILSVRC/Data/CLS-LOC/train/n03908618/n03908618_13291.JPEG
8afc621b3be7ac6dfc966d90, ILSVRC/Data/CLS-LOC/train/n01756291/n01756291_8851.JPEG, ILSVRC/Data/CLS-LOC/train/n01755581/n01755581_1292.JPEG
8b47daa0748aab5641210606, ILSVRC/Data/CLS-LOC/train/n02480495/n02480495_27879.JPEG, ILSVRC/Data/CLS-LOC/train/n02486261/n02486261_15239.JPEG
8c6554435b0298dc6adeee5e, ILSVRC/Data/CLS-LOC/train/n02494079/n02494079_2055.JPEG, ILSVRC/Data/CLS-LOC/train/n02493509/n02493509_14595.JPEG
8ca5f2c07787fe540ef4c887, ILSVRC/Data/CLS-LOC/train/n02089867/n02089867_2880.JPEG, ILSVRC/Data/CLS-LOC/train/n02089973/n02089973_3160.JPEG
8caef3f0d646d4f7f43c9efa, ILSVRC/Data/CLS-LOC/train/n02111500/n02111500_979.JPEG, ILSVRC/Data/CLS-LOC/train/n02108551/n02108551_658.JPEG
8ccc06a879bc831a43e302b3, ILSVRC/Data/CLS-LOC/train/n01644900/n01644900_10004.JPEG, ILSVRC/Data/CLS-LOC/train/n01675722/n01675722_7132.JPEG
8d29fc94eed62db236994b20, ILSVRC/Data/CLS-LOC/train/n02939185/n02939185_36614.JPEG, ILSVRC/Data/CLS-LOC/train/n07590611/n07590611_7489.JPEG
8e6750c7d7ca8e7c7b528f1a, ILSVRC/Data/CLS-LOC/train/n07730033/n07730033_794.JPEG, ILSVRC/Data/CLS-LOC/train/n07718747/n07718747_6931.JPEG
8e70b1126d734b5d10bedc67, ILSVRC/Data/CLS-LOC/train/n02089867/n02089867_2287.JPEG, ILSVRC/Data/CLS-LOC/test/ILSVRC2012_test_00099975.JPEG
8ea378c4d70ace5c3a70e72a, ILSVRC/Data/CLS-LOC/train/n01756291/n01756291_15745.JPEG, ILSVRC/Data/CLS-LOC/train/n01755581/n01755581_3143.JPEG
8eb0a791181130007d8375cf, ILSVRC/Data/CLS-LOC/train/n02088094/n02088094_5437.JPEG, ILSVRC/Data/CLS-LOC/train/n02090622/n02090622_4103.JPEG
8ebe8c6439060700e2a1aeaa, ILSVRC/Data/CLS-LOC/train/n02808440/n02808440_16729.JPEG, ILSVRC/Data/CLS-LOC/train/n04493381/n04493381_25291.JPEG
8ed1ebd0385d685679afee8b, ILSVRC/Data/CLS-LOC/train/n04264628/n04264628_3187.JPEG, ILSVRC/Data/CLS-LOC/train/n04505470/n04505470_1457.JPEG
8f45f0ced993b59019489e64, ILSVRC/Data/CLS-LOC/train/n01773797/n01773797_8035.JPEG, ILSVRC/Data/CLS-LOC/train/n01773157/n01773157_720.JPEG
8f84f44b8db6dd279d3189a2, ILSVRC/Data/CLS-LOC/train/n02114855/n02114855_782.JPEG, ILSVRC/Data/CLS-LOC/train/n02114367/n02114367_8521.JPEG
904329a92a5866920e09d8f9, ILSVRC/Data/CLS-LOC/train/n02749479/n02749479_5578.JPEG, ILSVRC/Data/CLS-LOC/train/n04090263/n04090263_12685.JPEG
9275dbe4e8928bf03a70440a, ILSVRC/Data/CLS-LOC/train/n02749479/n02749479_2057.JPEG, ILSVRC/Data/CLS-LOC/train/n04090263/n04090263_6531.JPEG
92cdb7f8fc999d5344a0e0da, ILSVRC/Data/CLS-LOC/train/n02107683/n02107683_4872.JPEG, ILSVRC/Data/CLS-LOC/train/n02107908/n02107908_3155.JPEG
92f7cba0c5f6ebc553d22e3b, ILSVRC/Data/CLS-LOC/train/n02895154/n02895154_23665.JPEG, ILSVRC/Data/CLS-LOC/train/n03146219/n03146219_16220.JPEG
93922e290770e8a50937991a, ILSVRC/Data/CLS-LOC/train/n02113186/n02113186_4254.JPEG, ILSVRC/Data/CLS-LOC/train/n02113023/n02113023_5022.JPEG
93f6536233f9e9c55a427bf8, ILSVRC/Data/CLS-LOC/train/n02493509/n02493509_10042.JPEG, ILSVRC/Data/CLS-LOC/test/ILSVRC2012_test_00046698.JPEG
942552c251c2fc5d48a60e06, ILSVRC/Data/CLS-LOC/train/n02109961/n02109961_1235.JPEG, ILSVRC/Data/CLS-LOC/train/n02110185/n02110185_880.JPEG
9426c6c25567fe7c5b7a9e25, ILSVRC/Data/CLS-LOC/train/n02093991/n02093991_4717.JPEG, ILSVRC/Data/CLS-LOC/train/n02095314/n02095314_3299.JPEG
943a8aa5b91682c7ff4c14f3, ILSVRC/Data/CLS-LOC/train/n02088094/n02088094_5284.JPEG, ILSVRC/Data/CLS-LOC/train/n02090622/n02090622_4005.JPEG
94e1bff08c24d47254ad409f, ILSVRC/Data/CLS-LOC/train/n02089973/n02089973_615.JPEG, ILSVRC/Data/CLS-LOC/train/n02088632/n02088632_613.JPEG
9530bbb3fab047b7d810c9fa, ILSVRC/Data/CLS-LOC/train/n03787032/n03787032_105.JPEG, ILSVRC/Data/CLS-LOC/train/n02669723/n02669723_20.JPEG
95354a132c7800f78ea40890, ILSVRC/Data/CLS-LOC/train/n02105641/n02105641_314.JPEG, ILSVRC/Data/CLS-LOC/test/ILSVRC2012_test_00006015.JPEG
966552c253c6fc774a26de85, ILSVRC/Data/CLS-LOC/train/n02097658/n02097658_5123.JPEG, ILSVRC/Data/CLS-LOC/train/n02096294/n02096294_1182.JPEG
97c71acc0d34ae36d164ada2, ILSVRC/Data/CLS-LOC/train/n01756291/n01756291_9129.JPEG, ILSVRC/Data/CLS-LOC/train/n01755581/n01755581_7398.JPEG
98647c9d1a8710ea36d96862, ILSVRC/Data/CLS-LOC/train/n01644900/n01644900_15886.JPEG, ILSVRC/Data/CLS-LOC/train/n01644373/n01644373_11341.JPEG
986bed1dbf5c09a28e995af9, ILSVRC/Data/CLS-LOC/train/n02095889/n02095889_6387.JPEG, ILSVRC/Data/CLS-LOC/train/n02095314/n02095314_3465.JPEG
997967dbecc40fddb64fdbc1, ILSVRC/Data/CLS-LOC/train/n02091831/n02091831_8896.JPEG, ILSVRC/Data/CLS-LOC/train/n02091134/n02091134_12318.JPEG
9997a37a70971da9ea82b31d, ILSVRC/Data/CLS-LOC/train/n02106166/n02106166_7272.JPEG, ILSVRC/Data/CLS-LOC/train/n02106030/n02106030_17752.JPEG
9baf2c19801e6041c0016014, ILSVRC/Data/CLS-LOC/train/n02443484/n02443484_5651.JPEG, ILSVRC/Data/CLS-LOC/train/n02441942/n02441942_27770.JPEG
9c7f84748214989005e12ea6, ILSVRC/Data/CLS-LOC/train/n04008634/n04008634_5522.JPEG, ILSVRC/Data/CLS-LOC/train/n03773504/n03773504_7899.JPEG
9c905a575d103889eb875097, ILSVRC/Data/CLS-LOC/train/n02089867/n02089867_612.JPEG, ILSVRC/Data/CLS-LOC/train/n02089973/n02089973_3159.JPEG
9cb5aeb538166272848dc8a8, ILSVRC/Data/CLS-LOC/train/n03535780/n03535780_9165.JPEG, ILSVRC/Data/CLS-LOC/train/n03888605/n03888605_15069.JPEG
9ce5bffe9c0990fbb6d3e89a, ILSVRC/Data/CLS-LOC/train/n02096437/n02096437_2779.JPEG, ILSVRC/Data/CLS-LOC/train/n02096294/n02096294_2432.JPEG
9cf0d1c3b850b9800266f2f3, ILSVRC/Data/CLS-LOC/train/n01748264/n01748264_15668.JPEG, ILSVRC/Data/CLS-LOC/train/n01753488/n01753488_12560.JPEG
9cf388b488841251c3c8209b, ILSVRC/Data/CLS-LOC/train/n02089867/n02089867_2688.JPEG, ILSVRC/Data/CLS-LOC/train/n02089973/n02089973_2936.JPEG
9d0f4ee2b3d603d5fac56a24, ILSVRC/Data/CLS-LOC/train/n02988304/n02988304_52.JPEG, ILSVRC/Data/CLS-LOC/train/n02979186/n02979186_70.JPEG
9d65bcb96acabf93672b481f, ILSVRC/Data/CLS-LOC/train/n01978287/n01978287_390.JPEG, ILSVRC/Data/CLS-LOC/train/n01981276/n01981276_9171.JPEG
9e409bb1ff736e4598fe7c66, ILSVRC/Data/CLS-LOC/train/n02109961/n02109961_8187.JPEG, ILSVRC/Data/CLS-LOC/train/n02110185/n02110185_5730.JPEG
9e67abc1f3368f44dc8774a3, ILSVRC/Data/CLS-LOC/train/n01756291/n01756291_4685.JPEG, ILSVRC/Data/CLS-LOC/train/n01753488/n01753488_3493.JPEG
9e77d393d953bc79fb8e5c84, ILSVRC/Data/CLS-LOC/train/n02100735/n02100735_5967.JPEG, ILSVRC/Data/CLS-LOC/train/n02100735/n02100735_4054.JPEG
9ea77bae792bfef251546e6b, ILSVRC/Data/CLS-LOC/train/n02095570/n02095570_3072.JPEG, ILSVRC/Data/CLS-LOC/train/n02093991/n02093991_2442.JPEG
9f12e6cfd5b1b57951d5972e, ILSVRC/Data/CLS-LOC/train/n01630670/n01630670_3230.JPEG, ILSVRC/Data/CLS-LOC/train/n01632777/n01632777_9251.JPEG
9f91dbd7d4e20443dadd8cbd, ILSVRC/Data/CLS-LOC/train/n04404412/n04404412_6213.JPEG, ILSVRC/Data/CLS-LOC/train/n03290653/n03290653_1087.JPEG
a036b78308cb725f292cd896, ILSVRC/Data/CLS-LOC/train/n02500267/n02500267_3425.JPEG, ILSVRC/Data/CLS-LOC/train/n02486261/n02486261_10525.JPEG
a0b0bd8dc8812ca1e346c916, ILSVRC/Data/CLS-LOC/val/ILSVRC2012_val_00017757.JPEG, ILSVRC/Data/CLS-LOC/train/n02669723/n02669723_3547.JPEG
a0b312e7c4c229cdd9028894, ILSVRC/Data/CLS-LOC/train/n02086910/n02086910_11885.JPEG, ILSVRC/Data/CLS-LOC/train/n02086646/n02086646_4219.JPEG
a0deda4deed1b8a47e86e0d9, ILSVRC/Data/CLS-LOC/train/n03930630/n03930630_25758.JPEG, ILSVRC/Data/CLS-LOC/train/n03777568/n03777568_14379.JPEG
a0fa3e4dbad92023fc86f0f0, ILSVRC/Data/CLS-LOC/train/n02092002/n02092002_1153.JPEG, ILSVRC/Data/CLS-LOC/test/ILSVRC2012_test_00048243.JPEG
a124f25256c744ffdd9250a7, ILSVRC/Data/CLS-LOC/train/n02090379/n02090379_521.JPEG, ILSVRC/Data/CLS-LOC/test/ILSVRC2012_test_00086684.JPEG
a1fcbdb4b6418bedf0b330f6, ILSVRC/Data/CLS-LOC/train/n02119789/n02119789_10559.JPEG, ILSVRC/Data/CLS-LOC/test/ILSVRC2012_test_00020856.JPEG
a232d68343c261dd2b26d884, ILSVRC/Data/CLS-LOC/train/n02098286/n02098286_4734.JPEG, ILSVRC/Data/CLS-LOC/test/ILSVRC2012_test_00051970.JPEG
a23c3345fcce8ae5f9936586, ILSVRC/Data/CLS-LOC/train/n02114712/n02114712_20831.JPEG, ILSVRC/Data/CLS-LOC/train/n02114855/n02114855_2262.JPEG
a246c9c77bd9b589ff86fed2, ILSVRC/Data/CLS-LOC/train/n01756291/n01756291_12068.JPEG, ILSVRC/Data/CLS-LOC/train/n01753488/n01753488_1556.JPEG
a266b3c1b969a0b349037e96, ILSVRC/Data/CLS-LOC/train/n07730033/n07730033_2398.JPEG, ILSVRC/Data/CLS-LOC/train/n07718747/n07718747_13727.JPEG
a27de34d3a4e9ccc7c976496, ILSVRC/Data/CLS-LOC/train/n01729322/n01729322_106.JPEG, ILSVRC/Data/CLS-LOC/train/n01740131/n01740131_9141.JPEG
a286e3ecd5af0acc494872d3, ILSVRC/Data/CLS-LOC/train/n02096585/n02096585_2008.JPEG, ILSVRC/Data/CLS-LOC/train/n02108089/n02108089_2431.JPEG
a2f2f339c9706d4151c03634, ILSVRC/Data/CLS-LOC/val/ILSVRC2012_val_00033633.JPEG, ILSVRC/Data/CLS-LOC/train/n02088364/n02088364_15989.JPEG
a440a39bbd53eb5c1af51424, ILSVRC/Data/CLS-LOC/train/n02085782/n02085782_5350.JPEG, ILSVRC/Data/CLS-LOC/train/n02086646/n02086646_3629.JPEG
a4709d216962696841b2bc34, ILSVRC/Data/CLS-LOC/train/n02095570/n02095570_916.JPEG, ILSVRC/Data/CLS-LOC/train/n02095314/n02095314_482.JPEG
a4c0f33a6d717b6dd8a73435, ILSVRC/Data/CLS-LOC/train/n02085782/n02085782_1691.JPEG, ILSVRC/Data/CLS-LOC/train/n02086910/n02086910_14455.JPEG
a4e88374e45051db7e4516c9, ILSVRC/Data/CLS-LOC/train/n02089867/n02089867_2094.JPEG, ILSVRC/Data/CLS-LOC/train/n02089973/n02089973_1763.JPEG
a4e8b86ca434ae2ac5e49eab, ILSVRC/Data/CLS-LOC/train/n02085782/n02085782_4365.JPEG, ILSVRC/Data/CLS-LOC/train/n02086079/n02086079_23899.JPEG
a4f4efbc9fc15cfdf88230d4, ILSVRC/Data/CLS-LOC/train/n02106166/n02106166_3075.JPEG, ILSVRC/Data/CLS-LOC/train/n02106030/n02106030_7453.JPEG
a565d07e80a2a95fc9028c21, ILSVRC/Data/CLS-LOC/train/n07716906/n07716906_3205.JPEG, ILSVRC/Data/CLS-LOC/train/n07717556/n07717556_4751.JPEG, ILSVRC/Data/CLS-LOC/train/n07717410/n07717410_11984.JPEG
a58ef9fa8cbfef1ed7098d2d, ILSVRC/Data/CLS-LOC/train/n02109961/n02109961_4369.JPEG, ILSVRC/Data/CLS-LOC/train/n02110185/n02110185_3024.JPEG
a5d33ffb6f20972260d6fff1, ILSVRC/Data/CLS-LOC/train/n02087394/n02087394_9938.JPEG, ILSVRC/Data/CLS-LOC/train/n02100583/n02100583_12358.JPEG
a5fefb29e8397a9047016bb8, ILSVRC/Data/CLS-LOC/train/n02486261/n02486261_1252.JPEG, ILSVRC/Data/CLS-LOC/train/n02493509/n02493509_14396.JPEG
a635bd9fd88727a1e306fb1a, ILSVRC/Data/CLS-LOC/train/n02939185/n02939185_14130.JPEG, ILSVRC/Data/CLS-LOC/train/n02939185/n02939185_6968.JPEG
a66fb17ced8e0c7ed4d6e087, ILSVRC/Data/CLS-LOC/val/ILSVRC2012_val_00043425.JPEG, ILSVRC/Data/CLS-LOC/test/ILSVRC2012_test_00090188.JPEG
a66fbbc4ed2ecac599c66594, ILSVRC/Data/CLS-LOC/train/n01755581/n01755581_720.JPEG, ILSVRC/Data/CLS-LOC/train/n01753488/n01753488_1675.JPEG
a672129b4943e6d939ae1c86, ILSVRC/Data/CLS-LOC/train/n02091831/n02091831_1882.JPEG, ILSVRC/Data/CLS-LOC/train/n02088094/n02088094_1924.JPEG, ILSVRC/Data/CLS-LOC/test/ILSVRC2012_test_00042411.JPEG
a67649c7b23385815d937286, ILSVRC/Data/CLS-LOC/train/n01756291/n01756291_7177.JPEG, ILSVRC/Data/CLS-LOC/train/n01755581/n01755581_6137.JPEG
a677108fd18e2f7f898e1e04, ILSVRC/Data/CLS-LOC/train/n02097209/n02097209_5871.JPEG, ILSVRC/Data/CLS-LOC/train/n02097130/n02097130_4558.JPEG
a69d1ecbbf149f3fb8a4bd15, ILSVRC/Data/CLS-LOC/train/n02115641/n02115641_27905.JPEG, ILSVRC/Data/CLS-LOC/train/n02114855/n02114855_2647.JPEG
a7fb33ddb74a85c559f2a1de, ILSVRC/Data/CLS-LOC/train/n01630670/n01630670_1549.JPEG, ILSVRC/Data/CLS-LOC/train/n01632458/n01632458_1470.JPEG
a81426ea380631bc480cbbc4, ILSVRC/Data/CLS-LOC/val/ILSVRC2012_val_00038742.JPEG, ILSVRC/Data/CLS-LOC/train/n01632458/n01632458_5579.JPEG
a827e1a2b5fb0b5c09f43ebc, ILSVRC/Data/CLS-LOC/train/n02097047/n02097047_2426.JPEG, ILSVRC/Data/CLS-LOC/train/n02097209/n02097209_1170.JPEG
a861bba8ff90e7f8c9a060b6, ILSVRC/Data/CLS-LOC/train/n02089867/n02089867_553.JPEG, ILSVRC/Data/CLS-LOC/train/n02089973/n02089973_612.JPEG
a8c4aba8ff3ee3c401f4369f, ILSVRC/Data/CLS-LOC/train/n02089867/n02089867_2112.JPEG, ILSVRC/Data/CLS-LOC/train/n02089973/n02089973_2331.JPEG
a8e86ebdf39cee696176bfbe, ILSVRC/Data/CLS-LOC/train/n02093428/n02093428_7004.JPEG, ILSVRC/Data/CLS-LOC/train/n02093256/n02093256_5139.JPEG
a8f236993a0194695cab405b, ILSVRC/Data/CLS-LOC/train/n02138441/n02138441_7296.JPEG, ILSVRC/Data/CLS-LOC/train/n02137549/n02137549_3800.JPEG
a9c08ffcbf11d579d4e4d096, ILSVRC/Data/CLS-LOC/train/n02096437/n02096437_3603.JPEG, ILSVRC/Data/CLS-LOC/train/n02095314/n02095314_4542.JPEG
aa6e829fd543a76bd8825f84, ILSVRC/Data/CLS-LOC/train/n02108422/n02108422_865.JPEG, ILSVRC/Data/CLS-LOC/train/n02108089/n02108089_9776.JPEG
aad1948cdd37a17b9d6a2743, ILSVRC/Data/CLS-LOC/train/n04264628/n04264628_21332.JPEG, ILSVRC/Data/CLS-LOC/train/n04505470/n04505470_3022.JPEG
ab8ce17077c608cc68ca32d7, ILSVRC/Data/CLS-LOC/train/n02097474/n02097474_4713.JPEG, ILSVRC/Data/CLS-LOC/train/n02096051/n02096051_5151.JPEG
ac2517a64d36fd6b9d4637e2, ILSVRC/Data/CLS-LOC/train/n04264628/n04264628_26322.JPEG, ILSVRC/Data/CLS-LOC/train/n04505470/n04505470_2358.JPEG
ac26fee788b7b7dd780cdbb2, ILSVRC/Data/CLS-LOC/train/n02484975/n02484975_5493.JPEG, ILSVRC/Data/CLS-LOC/test/ILSVRC2012_test_00074557.JPEG
ac6372cb5473e0f151228e26, ILSVRC/Data/CLS-LOC/val/ILSVRC2012_val_00036191.JPEG, ILSVRC/Data/CLS-LOC/train/n02090379/n02090379_6159.JPEG
ac734f945ef16a5f2a0dcc89, ILSVRC/Data/CLS-LOC/train/n02094258/n02094258_1013.JPEG, ILSVRC/Data/CLS-LOC/train/n02094258/n02094258_2801.JPEG
aee3bfd09793c54954e541e6, ILSVRC/Data/CLS-LOC/train/n02093428/n02093428_11228.JPEG, ILSVRC/Data/CLS-LOC/train/n02093256/n02093256_8205.JPEG
af98b550ea82003c79ecb57d, ILSVRC/Data/CLS-LOC/train/n02091831/n02091831_276.JPEG, ILSVRC/Data/CLS-LOC/train/n02088466/n02088466_12388.JPEG
afebe269d7039573d8f67265, ILSVRC/Data/CLS-LOC/train/n02109961/n02109961_15639.JPEG, ILSVRC/Data/CLS-LOC/train/n02110185/n02110185_10898.JPEG
b001f44975e6c27b8ad67037, ILSVRC/Data/CLS-LOC/train/n01756291/n01756291_13887.JPEG, ILSVRC/Data/CLS-LOC/train/n01753488/n01753488_2920.JPEG
b0a8f1a827422e2604cf5a47, ILSVRC/Data/CLS-LOC/train/n02808440/n02808440_31074.JPEG, ILSVRC/Data/CLS-LOC/train/n04493381/n04493381_11339.JPEG
b0b3fc1d08d2f85b200be970, ILSVRC/Data/CLS-LOC/train/n02097474/n02097474_6287.JPEG, ILSVRC/Data/CLS-LOC/train/n02108551/n02108551_4421.JPEG, ILSVRC/Data/CLS-LOC/train/n02108551/n02108551_728.JPEG
b0c0a128e7b047891883d357, ILSVRC/Data/CLS-LOC/train/n02095889/n02095889_2031.JPEG, ILSVRC/Data/CLS-LOC/train/n02095889/n02095889_5011.JPEG
b0c0f376ae51f8cd18d69c56, ILSVRC/Data/CLS-LOC/train/n02092002/n02092002_5346.JPEG, ILSVRC/Data/CLS-LOC/train/n02090622/n02090622_1186.JPEG
b109b68756e741faa490fa76, ILSVRC/Data/CLS-LOC/train/n02087394/n02087394_11116.JPEG, ILSVRC/Data/CLS-LOC/train/n02100583/n02100583_13734.JPEG
b15c3d08202466dea82034da, ILSVRC/Data/CLS-LOC/train/n02107142/n02107142_1901.JPEG, ILSVRC/Data/CLS-LOC/train/n02107142/n02107142_13680.JPEG
b1e0b5b8b668d4fbd4f0c2f2, ILSVRC/Data/CLS-LOC/train/n02113186/n02113186_478.JPEG, ILSVRC/Data/CLS-LOC/test/ILSVRC2012_test_00052824.JPEG
b203a588db985eedb908b1f3, ILSVRC/Data/CLS-LOC/train/n02093428/n02093428_17332.JPEG, ILSVRC/Data/CLS-LOC/train/n02093256/n02093256_12750.JPEG
b2c5efc37655d4a042ccf1d8, ILSVRC/Data/CLS-LOC/train/n02093428/n02093428_4514.JPEG, ILSVRC/Data/CLS-LOC/train/n02093256/n02093256_3305.JPEG
b441afbc9c0076fbb60410ba, ILSVRC/Data/CLS-LOC/train/n02107908/n02107908_1235.JPEG, ILSVRC/Data/CLS-LOC/test/ILSVRC2012_test_00038945.JPEG
b4649f6cb1b22f59aa4d90b0, ILSVRC/Data/CLS-LOC/train/n02089078/n02089078_1111.JPEG, ILSVRC/Data/CLS-LOC/test/ILSVRC2012_test_00068961.JPEG
b487b3f8529414bc4a0ab3b9, ILSVRC/Data/CLS-LOC/train/n02086646/n02086646_2116.JPEG, ILSVRC/Data/CLS-LOC/test/ILSVRC2012_test_00018357.JPEG
b496bb8bbd3e6bdc45b573be, ILSVRC/Data/CLS-LOC/train/n02109961/n02109961_4947.JPEG, ILSVRC/Data/CLS-LOC/train/n02110185/n02110185_3406.JPEG
b4ad3dbda8c86b10ce09ca34, ILSVRC/Data/CLS-LOC/train/n02095570/n02095570_4548.JPEG, ILSVRC/Data/CLS-LOC/train/n02102480/n02102480_2778.JPEG
b4c4a1a5b5b382d911f4361e, ILSVRC/Data/CLS-LOC/train/n02115913/n02115913_438.JPEG, ILSVRC/Data/CLS-LOC/train/n02114855/n02114855_850.JPEG, ILSVRC/Data/CLS-LOC/train/n02114548/n02114548_1506.JPEG
b5215256664074d76a2cc683, ILSVRC/Data/CLS-LOC/train/n02088094/n02088094_387.JPEG, ILSVRC/Data/CLS-LOC/test/ILSVRC2012_test_00070196.JPEG
b52cbe4968cd73886f415b2f, ILSVRC/Data/CLS-LOC/train/n02494079/n02494079_1862.JPEG, ILSVRC/Data/CLS-LOC/train/n02493509/n02493509_6809.JPEG, ILSVRC/Data/CLS-LOC/test/ILSVRC2012_test_00043142.JPEG
b5b56f0ab86fa2f267c3082a, ILSVRC/Data/CLS-LOC/train/n02492035/n02492035_15341.JPEG, ILSVRC/Data/CLS-LOC/train/n02487347/n02487347_437.JPEG
b62692b3df3174679172c504, ILSVRC/Data/CLS-LOC/train/n02105505/n02105505_441.JPEG, ILSVRC/Data/CLS-LOC/train/n02105505/n02105505_629.JPEG
b6269c89532374eea1124486, ILSVRC/Data/CLS-LOC/train/n02105505/n02105505_533.JPEG, ILSVRC/Data/CLS-LOC/train/n02105505/n02105505_769.JPEG
b64ba3b988907c15e208b195, ILSVRC/Data/CLS-LOC/val/ILSVRC2012_val_00037428.JPEG, ILSVRC/Data/CLS-LOC/train/n02106166/n02106166_7329.JPEG
b6c5affcb434dd7bd4609032, ILSVRC/Data/CLS-LOC/train/n02443114/n02443114_14192.JPEG, ILSVRC/Data/CLS-LOC/train/n02445715/n02445715_6472.JPEG
b79b6bc6944c98dfd7179c9f, ILSVRC/Data/CLS-LOC/train/n02098413/n02098413_6289.JPEG, ILSVRC/Data/CLS-LOC/train/n02085936/n02085936_7865.JPEG
b802a538e79045290a88d331, ILSVRC/Data/CLS-LOC/train/n02095889/n02095889_5547.JPEG, ILSVRC/Data/CLS-LOC/train/n02095314/n02095314_3040.JPEG
b89a959844c054344dc993cd, ILSVRC/Data/CLS-LOC/train/n02109961/n02109961_10109.JPEG, ILSVRC/Data/CLS-LOC/train/n02110185/n02110185_7888.JPEG
b8dfb1985ac954346fcaf1dd, ILSVRC/Data/CLS-LOC/train/n02490219/n02490219_7239.JPEG, ILSVRC/Data/CLS-LOC/train/n02493509/n02493509_15959.JPEG
b92ba7ddd61555f95c9ac37e, ILSVRC/Data/CLS-LOC/train/n01797886/n01797886_557.JPEG, ILSVRC/Data/CLS-LOC/train/n01795545/n01795545_17710.JPEG
b930a4b9b650d8eaa460d6f2, ILSVRC/Data/CLS-LOC/train/n02116738/n02116738_5312.JPEG, ILSVRC/Data/CLS-LOC/train/n02117135/n02117135_9410.JPEG
ba05f651c58e2fc0a2ddeb3f, ILSVRC/Data/CLS-LOC/train/n04264628/n04264628_2617.JPEG, ILSVRC/Data/CLS-LOC/train/n03085013/n03085013_8136.JPEG
ba63e593d1d05d096a099191, ILSVRC/Data/CLS-LOC/train/n02095889/n02095889_5718.JPEG, ILSVRC/Data/CLS-LOC/train/n02096437/n02096437_3945.JPEG
bacc9538f78889d3c8e260d1, ILSVRC/Data/CLS-LOC/train/n02119789/n02119789_9683.JPEG, ILSVRC/Data/CLS-LOC/train/n02119022/n02119022_5352.JPEG
bb2495cab99a5ba4ad90a1f1, ILSVRC/Data/CLS-LOC/train/n02108000/n02108000_918.JPEG, ILSVRC/Data/CLS-LOC/train/n02107574/n02107574_841.JPEG, ILSVRC/Data/CLS-LOC/train/n02107908/n02107908_1128.JPEG
bb83b7fcb61ad5ffd4f0c0da, ILSVRC/Data/CLS-LOC/train/n02110627/n02110627_31825.JPEG, ILSVRC/Data/CLS-LOC/test/ILSVRC2012_test_00021413.JPEG
bc219256a48bfd6adcd18924, ILSVRC/Data/CLS-LOC/train/n02097474/n02097474_2964.JPEG, ILSVRC/Data/CLS-LOC/train/n02108551/n02108551_2122.JPEG
bc25abf6772ed2f021fe368f, ILSVRC/Data/CLS-LOC/train/n02102177/n02102177_3289.JPEG, ILSVRC/Data/CLS-LOC/train/n02102177/n02102177_226.JPEG
bcda33182a0184641d93414d, ILSVRC/Data/CLS-LOC/train/n01632458/n01632458_10071.JPEG, ILSVRC/Data/CLS-LOC/train/n01629819/n01629819_5215.JPEG
bd008571be3291f73593af49, ILSVRC/Data/CLS-LOC/train/n04099969/n04099969_19000.JPEG, ILSVRC/Data/CLS-LOC/train/n03376595/n03376595_3924.JPEG
bd069fd4940144edc490c29e, ILSVRC/Data/CLS-LOC/train/n01685808/n01685808_1528.JPEG, ILSVRC/Data/CLS-LOC/train/n01689811/n01689811_1683.JPEG
bdb31dd52415303ab131a602, ILSVRC/Data/CLS-LOC/train/n02443484/n02443484_11293.JPEG, ILSVRC/Data/CLS-LOC/train/n02441942/n02441942_9885.JPEG
be02a390fd004e5cc8cc7396, ILSVRC/Data/CLS-LOC/train/n02097474/n02097474_8001.JPEG, ILSVRC/Data/CLS-LOC/train/n02097474/n02097474_8674.JPEG
c39e233b080949148e4ee9d8, ILSVRC/Data/CLS-LOC/train/n03207941/n03207941_17428.JPEG, ILSVRC/Data/CLS-LOC/train/n02099712/n02099712_6775.JPEG
c3de1f3a71a87bb2e26278f9, ILSVRC/Data/CLS-LOC/train/n07714990/n07714990_11739.JPEG, ILSVRC/Data/CLS-LOC/train/n07715103/n07715103_15172.JPEG
c449a12cac09dd0c4c1dd3df, ILSVRC/Data/CLS-LOC/train/n02442845/n02442845_8624.JPEG, ILSVRC/Data/CLS-LOC/train/n02441942/n02441942_9142.JPEG
c46c77361a446b8c3e037eb0, ILSVRC/Data/CLS-LOC/train/n01491361/n01491361_851.JPEG, ILSVRC/Data/CLS-LOC/train/n01484850/n01484850_14347.JPEG
c6727333235059c128215f90, ILSVRC/Data/CLS-LOC/train/n02328150/n02328150_2013.JPEG, ILSVRC/Data/CLS-LOC/train/n02124075/n02124075_12620.JPEG
c6dbce2be97c2f39d34802bb, ILSVRC/Data/CLS-LOC/train/n02396427/n02396427_9420.JPEG, ILSVRC/Data/CLS-LOC/train/n02395406/n02395406_18436.JPEG
c77b0c5bd3ce28f6c91aaf5d, ILSVRC/Data/CLS-LOC/val/ILSVRC2012_val_00002501.JPEG, ILSVRC/Data/CLS-LOC/train/n02442845/n02442845_28954.JPEG
ca50fbb03f6bee541abe1c4f, ILSVRC/Data/CLS-LOC/train/n07711569/n07711569_5797.JPEG, ILSVRC/Data/CLS-LOC/train/n07871810/n07871810_11853.JPEG
ca8d82beb8aa9d7bd621d03b, ILSVRC/Data/CLS-LOC/train/n02106166/n02106166_6414.JPEG, ILSVRC/Data/CLS-LOC/train/n02106030/n02106030_15577.JPEG
ca9b8ebb981b2160c6f5e3d8, ILSVRC/Data/CLS-LOC/train/n01739381/n01739381_1162.JPEG, ILSVRC/Data/CLS-LOC/train/n01729977/n01729977_7929.JPEG
cb1aa0b3888e2e4cc72c025a, ILSVRC/Data/CLS-LOC/train/n02423022/n02423022_6697.JPEG, ILSVRC/Data/CLS-LOC/train/n02422699/n02422699_4812.JPEG
cc39a5ec105748604d9d348f, ILSVRC/Data/CLS-LOC/val/ILSVRC2012_val_00024875.JPEG, ILSVRC/Data/CLS-LOC/train/n02098105/n02098105_845.JPEG
cc5cd774bd20465bf7c412ba, ILSVRC/Data/CLS-LOC/train/n02097209/n02097209_3815.JPEG, ILSVRC/Data/CLS-LOC/train/n02097130/n02097130_5612.JPEG
cc982f32a83f7be323f5a239, ILSVRC/Data/CLS-LOC/train/n02102973/n02102973_4764.JPEG, ILSVRC/Data/CLS-LOC/train/n02110627/n02110627_3058.JPEG
cedc3f3ed9aedd7bf462b81f, ILSVRC/Data/CLS-LOC/train/n02106382/n02106382_4568.JPEG, ILSVRC/Data/CLS-LOC/train/n02105251/n02105251_8581.JPEG
cf1f5b4ea50e345744d61b1d, ILSVRC/Data/CLS-LOC/train/n02895154/n02895154_15561.JPEG, ILSVRC/Data/CLS-LOC/train/n03146219/n03146219_7081.JPEG
cf4309c63c5cc4e998c8d8e3, ILSVRC/Data/CLS-LOC/train/n02092002/n02092002_5246.JPEG, ILSVRC/Data/CLS-LOC/train/n02090622/n02090622_7044.JPEG
cfb08d7cb1b20762d7ccae6f, ILSVRC/Data/CLS-LOC/train/n02087394/n02087394_4603.JPEG, ILSVRC/Data/CLS-LOC/test/ILSVRC2012_test_00003522.JPEG
cfbd94748507173e94b5af5c, ILSVRC/Data/CLS-LOC/train/n02749479/n02749479_5131.JPEG, ILSVRC/Data/CLS-LOC/train/n04090263/n04090263_696.JPEG
cffbf75f954ed57958db83de, ILSVRC/Data/CLS-LOC/train/n02493793/n02493793_380.JPEG, ILSVRC/Data/CLS-LOC/train/n02484975/n02484975_5973.JPEG, ILSVRC/Data/CLS-LOC/train/n02486261/n02486261_12583.JPEG, ILSVRC/Data/CLS-LOC/train/n02493509/n02493509_10159.JPEG
cfffcf249da6065bc0e108bc, ILSVRC/Data/CLS-LOC/train/n02099849/n02099849_1115.JPEG, ILSVRC/Data/CLS-LOC/train/n02099849/n02099849_152.JPEG
d00821a8f406cf254e4015c5, ILSVRC/Data/CLS-LOC/train/n02097474/n02097474_5136.JPEG, ILSVRC/Data/CLS-LOC/train/n02108551/n02108551_249.JPEG
d02fe06c2167fdbf4f4edcf4, ILSVRC/Data/CLS-LOC/train/n07875152/n07875152_5255.JPEG, ILSVRC/Data/CLS-LOC/train/n07711569/n07711569_752.JPEG
d2c0633f0d0a88d61f47c0f5, ILSVRC/Data/CLS-LOC/train/n04229816/n04229816_1262.JPEG, ILSVRC/Data/CLS-LOC/test/ILSVRC2012_test_00013699.JPEG
d3341627e2117d08a2268179, ILSVRC/Data/CLS-LOC/train/n03255030/n03255030_6654.JPEG, ILSVRC/Data/CLS-LOC/test/ILSVRC2012_test_00058997.JPEG
d37ca5efec951be19412b7c4, ILSVRC/Data/CLS-LOC/train/n02443484/n02443484_5850.JPEG, ILSVRC/Data/CLS-LOC/train/n02441942/n02441942_28647.JPEG
d3ddc37b8e951d2fd8359f85, ILSVRC/Data/CLS-LOC/train/n04552348/n04552348_1286.JPEG, ILSVRC/Data/CLS-LOC/train/n02687172/n02687172_18435.JPEG
d4318e748039be5bb00f019a, ILSVRC/Data/CLS-LOC/train/n02443114/n02443114_2436.JPEG, ILSVRC/Data/CLS-LOC/train/n02441942/n02441942_18587.JPEG
d460ab94dd00dc4bb8af519e, ILSVRC/Data/CLS-LOC/train/n02102177/n02102177_1980.JPEG, ILSVRC/Data/CLS-LOC/train/n02101556/n02101556_7483.JPEG
d46bbb3caf49dc675cdf51ef, ILSVRC/Data/CLS-LOC/train/n01756291/n01756291_2144.JPEG, ILSVRC/Data/CLS-LOC/train/n01740131/n01740131_7058.JPEG, ILSVRC/Data/CLS-LOC/train/n01753488/n01753488_12248.JPEG
d46bc96ca11cfc468e4ddbb8, ILSVRC/Data/CLS-LOC/train/n02089973/n02089973_3243.JPEG, ILSVRC/Data/CLS-LOC/train/n02090379/n02090379_4046.JPEG
d744af261c2942e980dd409f, ILSVRC/Data/CLS-LOC/train/n02027492/n02027492_121.JPEG, ILSVRC/Data/CLS-LOC/train/n02028035/n02028035_8499.JPEG
d792cdf48df0471df2c913fd, ILSVRC/Data/CLS-LOC/train/n02094258/n02094258_5000.JPEG, ILSVRC/Data/CLS-LOC/train/n02096294/n02096294_7605.JPEG
d8f1c7ae1ac31e79bdc51c36, ILSVRC/Data/CLS-LOC/train/n02097209/n02097209_588.JPEG, ILSVRC/Data/CLS-LOC/train/n02097130/n02097130_864.JPEG
da1a30b313d23bc0c5d3a960, ILSVRC/Data/CLS-LOC/train/n01773549/n01773549_7287.JPEG, ILSVRC/Data/CLS-LOC/test/ILSVRC2012_test_00011657.JPEG
da7054d7f11e80f3ca685232, ILSVRC/Data/CLS-LOC/train/n13054560/n13054560_5228.JPEG, ILSVRC/Data/CLS-LOC/train/n12998815/n12998815_9344.JPEG
da7fb58030ca41144ce9b39d, ILSVRC/Data/CLS-LOC/train/n02109961/n02109961_5808.JPEG, ILSVRC/Data/CLS-LOC/train/n02110185/n02110185_4030.JPEG
da8b4ddb773fe173f1f3270d, ILSVRC/Data/CLS-LOC/train/n02094258/n02094258_645.JPEG, ILSVRC/Data/CLS-LOC/train/n02094114/n02094114_693.JPEG
dab59fd4d293cd6be2a270bb, ILSVRC/Data/CLS-LOC/train/n02097474/n02097474_1168.JPEG, ILSVRC/Data/CLS-LOC/train/n02108551/n02108551_832.JPEG
db128579e1b7134338b10f1d, ILSVRC/Data/CLS-LOC/train/n02093859/n02093859_1894.JPEG, ILSVRC/Data/CLS-LOC/train/n02102973/n02102973_2805.JPEG
db3d52ddde5c01a3f79203a2, ILSVRC/Data/CLS-LOC/train/n03146219/n03146219_23741.JPEG, ILSVRC/Data/CLS-LOC/test/ILSVRC2012_test_00027130.JPEG
dc6d701e1e5ab8fa66c95a20, ILSVRC/Data/CLS-LOC/train/n03447721/n03447721_5063.JPEG, ILSVRC/Data/CLS-LOC/train/n03017168/n03017168_17054.JPEG
dcd82798980098242ccd15cf, ILSVRC/Data/CLS-LOC/train/n02109961/n02109961_15958.JPEG, ILSVRC/Data/CLS-LOC/train/n02110185/n02110185_11409.JPEG
dcf78d74d8069273d7cd261d, ILSVRC/Data/CLS-LOC/val/ILSVRC2012_val_00026854.JPEG, ILSVRC/Data/CLS-LOC/train/n02087394/n02087394_7019.JPEG
de27a202698fd7704ec946ef, ILSVRC/Data/CLS-LOC/train/n02089867/n02089867_2653.JPEG, ILSVRC/Data/CLS-LOC/train/n02089973/n02089973_2905.JPEG
de55a11152ae5e16a5bc6997, ILSVRC/Data/CLS-LOC/train/n04008634/n04008634_12231.JPEG, ILSVRC/Data/CLS-LOC/train/n03773504/n03773504_14273.JPEG
de6f0f8cdaaaa8e319660188, ILSVRC/Data/CLS-LOC/train/n02110806/n02110806_6323.JPEG, ILSVRC/Data/CLS-LOC/train/n04204238/n04204238_5689.JPEG
dea88d5df87a091615d9af49, ILSVRC/Data/CLS-LOC/train/n03218198/n03218198_1815.JPEG, ILSVRC/Data/CLS-LOC/train/n02109961/n02109961_30822.JPEG
def9be1ed9acbd7bd062c015, ILSVRC/Data/CLS-LOC/train/n02101006/n02101006_489.JPEG, ILSVRC/Data/CLS-LOC/train/n02101006/n02101006_121.JPEG
df2f5b4ad8ea89a7f94260c1, ILSVRC/Data/CLS-LOC/train/n02102480/n02102480_1546.JPEG, ILSVRC/Data/CLS-LOC/train/n02102480/n02102480_2045.JPEG
df8d86bab83e59a5c533c03f, ILSVRC/Data/CLS-LOC/train/n02112706/n02112706_4062.JPEG, ILSVRC/Data/CLS-LOC/train/n02110627/n02110627_14757.JPEG
e0787cddf85ee1efc3421bbb, ILSVRC/Data/CLS-LOC/train/n02494079/n02494079_5370.JPEG, ILSVRC/Data/CLS-LOC/train/n02493509/n02493509_5413.JPEG
e0faf533cdc1094963c33235, ILSVRC/Data/CLS-LOC/train/n02086646/n02086646_3053.JPEG, ILSVRC/Data/CLS-LOC/train/n02102480/n02102480_2961.JPEG
e17e0e4453c62dfde89a6ec0, ILSVRC/Data/CLS-LOC/train/n02484975/n02484975_8894.JPEG, ILSVRC/Data/CLS-LOC/train/n02486261/n02486261_4286.JPEG, ILSVRC/Data/CLS-LOC/train/n02493509/n02493509_14576.JPEG
e1e09d67eec057cbb2ecd6e3, ILSVRC/Data/CLS-LOC/train/n02097658/n02097658_10768.JPEG, ILSVRC/Data/CLS-LOC/train/n02096294/n02096294_3679.JPEG
e2c4c997dff00f1dbae434f4, ILSVRC/Data/CLS-LOC/val/ILSVRC2012_val_00048295.JPEG, ILSVRC/Data/CLS-LOC/train/n01632458/n01632458_2141.JPEG
e2d03f63e8f848a920bd8013, ILSVRC/Data/CLS-LOC/train/n02504458/n02504458_2583.JPEG, ILSVRC/Data/CLS-LOC/test/ILSVRC2012_test_00099230.JPEG
e2d6599ed763b21719131e46, ILSVRC/Data/CLS-LOC/val/ILSVRC2012_val_00032720.JPEG, ILSVRC/Data/CLS-LOC/train/n02115913/n02115913_2311.JPEG
e361921244ccef48ba89a76a, ILSVRC/Data/CLS-LOC/train/n02106662/n02106662_41160.JPEG, ILSVRC/Data/CLS-LOC/train/n03803284/n03803284_18896.JPEG
e3c867a25a4e52fddf4608df, ILSVRC/Data/CLS-LOC/train/n02447366/n02447366_26362.JPEG, ILSVRC/Data/CLS-LOC/train/n02443114/n02443114_22326.JPEG, ILSVRC/Data/CLS-LOC/train/n02441942/n02441942_23434.JPEG
e3feaf8c964557f15c9350d6, ILSVRC/Data/CLS-LOC/train/n02093428/n02093428_10365.JPEG, ILSVRC/Data/CLS-LOC/train/n02093256/n02093256_7575.JPEG
e52b0abc874ccc6358f354e6, ILSVRC/Data/CLS-LOC/train/n04008634/n04008634_1984.JPEG, ILSVRC/Data/CLS-LOC/test/ILSVRC2012_test_00025843.JPEG
e535118d620cc4aae937fcab, ILSVRC/Data/CLS-LOC/train/n03388549/n03388549_3208.JPEG, ILSVRC/Data/CLS-LOC/train/n03788365/n03788365_4967.JPEG
e539bc9d9c8f382ad5fc390b, ILSVRC/Data/CLS-LOC/val/ILSVRC2012_val_00033006.JPEG, ILSVRC/Data/CLS-LOC/train/n02791124/n02791124_5795.JPEG
e57f4bb51c464e74df340c99, ILSVRC/Data/CLS-LOC/train/n04317175/n04317175_15634.JPEG, ILSVRC/Data/CLS-LOC/train/n03630383/n03630383_10589.JPEG
e59988bfec2f323bb34c31be, ILSVRC/Data/CLS-LOC/train/n01978455/n01978455_11509.JPEG, ILSVRC/Data/CLS-LOC/train/n01981276/n01981276_6333.JPEG
e5b67b746a1702f8798260ce, ILSVRC/Data/CLS-LOC/train/n03920288/n03920288_445.JPEG, ILSVRC/Data/CLS-LOC/train/n02815834/n02815834_561.JPEG
e5d33109082a92d6275d0ec1, ILSVRC/Data/CLS-LOC/train/n02226429/n02226429_15318.JPEG, ILSVRC/Data/CLS-LOC/train/n02229544/n02229544_429.JPEG
e72a29a4ffc04e0c59d48d94, ILSVRC/Data/CLS-LOC/train/n02120505/n02120505_5840.JPEG, ILSVRC/Data/CLS-LOC/train/n02119789/n02119789_3612.JPEG, ILSVRC/Data/CLS-LOC/train/n02115913/n02115913_1963.JPEG
e7392bf48e353eec11923984, ILSVRC/Data/CLS-LOC/train/n02099429/n02099429_249.JPEG, ILSVRC/Data/CLS-LOC/train/n02099601/n02099601_5322.JPEG
e7781c7df02a62fd835a3b7c, ILSVRC/Data/CLS-LOC/train/n01669191/n01669191_7969.JPEG, ILSVRC/Data/CLS-LOC/train/n01667778/n01667778_9868.JPEG
e7d37c45006f945e697dbdc5, ILSVRC/Data/CLS-LOC/train/n03535780/n03535780_16898.JPEG, ILSVRC/Data/CLS-LOC/train/n03888605/n03888605_19260.JPEG
e7d78a42fd376bfc93f44e3b, ILSVRC/Data/CLS-LOC/train/n02087394/n02087394_8152.JPEG, ILSVRC/Data/CLS-LOC/train/n02100583/n02100583_10164.JPEG
e7eb927ce5052b7e985e8f6d, ILSVRC/Data/CLS-LOC/train/n02492035/n02492035_742.JPEG, ILSVRC/Data/CLS-LOC/train/n02486261/n02486261_12043.JPEG, ILSVRC/Data/CLS-LOC/train/n02493509/n02493509_9684.JPEG
e7f9105ff00e9876196a225f, ILSVRC/Data/CLS-LOC/train/n04204238/n04204238_7666.JPEG, ILSVRC/Data/CLS-LOC/train/n03461385/n03461385_57644.JPEG
e7fbb16cb00a84d452f3605e, ILSVRC/Data/CLS-LOC/train/n02326432/n02326432_41670.JPEG, ILSVRC/Data/CLS-LOC/test/ILSVRC2012_test_00009909.JPEG
e7fecba0de96063bf1cc0eea, ILSVRC/Data/CLS-LOC/train/n02808440/n02808440_47200.JPEG, ILSVRC/Data/CLS-LOC/train/n04493381/n04493381_15538.JPEG
e82d2c8bdd8eb8e0a457df15, ILSVRC/Data/CLS-LOC/train/n02112706/n02112706_3882.JPEG, ILSVRC/Data/CLS-LOC/train/n02110627/n02110627_21274.JPEG
e923fecad4c6e433f80278a3, ILSVRC/Data/CLS-LOC/train/n02108422/n02108422_4237.JPEG, ILSVRC/Data/CLS-LOC/train/n02108089/n02108089_11616.JPEG
ea3922026b98416b3137e269, ILSVRC/Data/CLS-LOC/train/n01756291/n01756291_12636.JPEG, ILSVRC/Data/CLS-LOC/train/n01753488/n01753488_8033.JPEG
eb92f506dacb092dd9dca771, ILSVRC/Data/CLS-LOC/train/n02085782/n02085782_2459.JPEG, ILSVRC/Data/CLS-LOC/train/n02097474/n02097474_1962.JPEG
ec28a16ddc5450a4e2b37c41, ILSVRC/Data/CLS-LOC/train/n03649909/n03649909_12934.JPEG, ILSVRC/Data/CLS-LOC/train/n03496892/n03496892_3032.JPEG
ec397c545fcf29aa769b3a60, ILSVRC/Data/CLS-LOC/train/n01943899/n01943899_31142.JPEG, ILSVRC/Data/CLS-LOC/train/n01968897/n01968897_1142.JPEG
ecf1bf3c9ac1987b4d87709f, ILSVRC/Data/CLS-LOC/train/n02396427/n02396427_3265.JPEG, ILSVRC/Data/CLS-LOC/train/n02395406/n02395406_5035.JPEG
ed03900cc9abf7324f490e69, ILSVRC/Data/CLS-LOC/train/n01807496/n01807496_24842.JPEG, ILSVRC/Data/CLS-LOC/train/n01797886/n01797886_10913.JPEG
ed3644851bab02cf374a5ce1, ILSVRC/Data/CLS-LOC/train/n02114712/n02114712_2616.JPEG, ILSVRC/Data/CLS-LOC/train/n02115641/n02115641_2764.JPEG
eda0ce6fac4932eca28ff09f, ILSVRC/Data/CLS-LOC/train/n01756291/n01756291_13715.JPEG, ILSVRC/Data/CLS-LOC/train/n01755581/n01755581_8831.JPEG
ef039454588e90d943c85252, ILSVRC/Data/CLS-LOC/train/n02123159/n02123159_5232.JPEG, ILSVRC/Data/CLS-LOC/train/n02123045/n02123045_4742.JPEG
ef8b964e4088d5194bdb827f, ILSVRC/Data/CLS-LOC/train/n02114712/n02114712_12435.JPEG, ILSVRC/Data/CLS-LOC/train/n02120505/n02120505_12104.JPEG, ILSVRC/Data/CLS-LOC/train/n02115913/n02115913_4047.JPEG
ef8e29327bce441de52e087a, ILSVRC/Data/CLS-LOC/train/n04008634/n04008634_3821.JPEG, ILSVRC/Data/CLS-LOC/train/n03773504/n03773504_23911.JPEG
efbf0e391a1f007cc0b741d8, ILSVRC/Data/CLS-LOC/train/n01630670/n01630670_3747.JPEG, ILSVRC/Data/CLS-LOC/train/n01632458/n01632458_3247.JPEG
efef8858ac2da11fd7e94509, ILSVRC/Data/CLS-LOC/val/ILSVRC2012_val_00046584.JPEG, ILSVRC/Data/CLS-LOC/train/n02493509/n02493509_11618.JPEG
f1f9ab869e119b793ae57496, ILSVRC/Data/CLS-LOC/train/n02119789/n02119789_8040.JPEG, ILSVRC/Data/CLS-LOC/train/n02116738/n02116738_10872.JPEG
f20a837c63103c7ce82af3f1, ILSVRC/Data/CLS-LOC/train/n02102040/n02102040_3255.JPEG, ILSVRC/Data/CLS-LOC/train/n02102318/n02102318_422.JPEG, ILSVRC/Data/CLS-LOC/train/n02101556/n02101556_183.JPEG
f2461e2df03e5f493244bc36, ILSVRC/Data/CLS-LOC/train/n02165105/n02165105_11506.JPEG, ILSVRC/Data/CLS-LOC/train/n02174001/n02174001_527.JPEG
f29da3a8e01f5c58c1b835c9, ILSVRC/Data/CLS-LOC/train/n02107574/n02107574_3731.JPEG, ILSVRC/Data/CLS-LOC/test/ILSVRC2012_test_00005901.JPEG
f2eabc89b1a41f2b04f5a88a, ILSVRC/Data/CLS-LOC/train/n04311174/n04311174_4.JPEG, ILSVRC/Data/CLS-LOC/train/n03249569/n03249569_3081.JPEG
f477994f414e79d23c1bfee1, ILSVRC/Data/CLS-LOC/train/n02097658/n02097658_2035.JPEG, ILSVRC/Data/CLS-LOC/train/n02096294/n02096294_4163.JPEG
f53acbb64e077aa87e4974e1, ILSVRC/Data/CLS-LOC/train/n02443114/n02443114_2957.JPEG, ILSVRC/Data/CLS-LOC/train/n02442845/n02442845_8984.JPEG, ILSVRC/Data/CLS-LOC/train/n02443484/n02443484_388.JPEG
f5f58c27a82e037bd348003b, ILSVRC/Data/CLS-LOC/train/n02114712/n02114712_2407.JPEG, ILSVRC/Data/CLS-LOC/train/n02114855/n02114855_3893.JPEG, ILSVRC/Data/CLS-LOC/train/n02114367/n02114367_9077.JPEG
f6218ac496fc7f4d1caf9d97, ILSVRC/Data/CLS-LOC/train/n02791270/n02791270_16282.JPEG, ILSVRC/Data/CLS-LOC/train/n02791124/n02791124_984.JPEG
f6b7cee5c02ef279ba4926ba, ILSVRC/Data/CLS-LOC/train/n02120505/n02120505_25538.JPEG, ILSVRC/Data/CLS-LOC/train/n02119789/n02119789_8036.JPEG
f873d5653bbd4ec097fca0ca, ILSVRC/Data/CLS-LOC/train/n07716906/n07716906_300.JPEG, ILSVRC/Data/CLS-LOC/train/n07717410/n07717410_1647.JPEG
f91294405be78bda9f8849e5, ILSVRC/Data/CLS-LOC/train/n02097658/n02097658_3247.JPEG, ILSVRC/Data/CLS-LOC/train/n02096294/n02096294_895.JPEG
fa4ecb03585efb042a417710, ILSVRC/Data/CLS-LOC/train/n01756291/n01756291_15504.JPEG, ILSVRC/Data/CLS-LOC/train/n01740131/n01740131_1268.JPEG
fa8197fcbc0ac5d39ce950c7, ILSVRC/Data/CLS-LOC/train/n02483708/n02483708_5000.JPEG, ILSVRC/Data/CLS-LOC/train/n02483362/n02483362_14075.JPEG
faab06943046405d2aedc8d8, ILSVRC/Data/CLS-LOC/train/n02113712/n02113712_1897.JPEG, ILSVRC/Data/CLS-LOC/train/n02113799/n02113799_360.JPEG
fab2dd1fd013907bffc9375d, ILSVRC/Data/CLS-LOC/train/n02102040/n02102040_358.JPEG, ILSVRC/Data/CLS-LOC/train/n02101388/n02101388_1971.JPEG
fbb54fe4e89ee3f9125146b3, ILSVRC/Data/CLS-LOC/train/n02120505/n02120505_3840.JPEG, ILSVRC/Data/CLS-LOC/train/n02115913/n02115913_5392.JPEG
fce7b9aabafbfb1e1e29fd39, ILSVRC/Data/CLS-LOC/train/n02094114/n02094114_1972.JPEG, ILSVRC/Data/CLS-LOC/train/n02094433/n02094433_3394.JPEG
fd3fdec68347c973fae77327, ILSVRC/Data/CLS-LOC/train/n03544143/n03544143_18943.JPEG, ILSVRC/Data/CLS-LOC/train/n03062245/n03062245_5777.JPEG
fdb75ebbcb9d2bf8fcd169f1, ILSVRC/Data/CLS-LOC/train/n03535780/n03535780_9963.JPEG, ILSVRC/Data/CLS-LOC/train/n03888605/n03888605_16018.JPEG
fe5aa9a6cc326b28c76938f1, ILSVRC/Data/CLS-LOC/train/n01773797/n01773797_6856.JPEG, ILSVRC/Data/CLS-LOC/train/n01773157/n01773157_6524.JPEG
fee003976e75e64d98371d6c, ILSVRC/Data/CLS-LOC/train/n02120505/n02120505_10841.JPEG, ILSVRC/Data/CLS-LOC/train/n02114367/n02114367_115.JPEG
fef5cfbe9d019a7990d300a6, ILSVRC/Data/CLS-LOC/train/n02120505/n02120505_3432.JPEG, ILSVRC/Data/CLS-LOC/train/n02114855/n02114855_7639.JPEG
ff0b8e7a520c30a4820c1b48, ILSVRC/Data/CLS-LOC/train/n02090379/n02090379_4718.JPEG, ILSVRC/Data/CLS-LOC/train/n02090379/n02090379_1878.JPEG
ff832ccbb2be512d34609d3f, ILSVRC/Data/CLS-LOC/train/n02097658/n02097658_7148.JPEG, ILSVRC/Data/CLS-LOC/train/n02096294/n02096294_7602.JPEG
